CaseId,AccountId,Account,CreatedDate,Status,Severity,ResolutionHours,IsEscalated
C-000001,ACCOUNT1,Account_1,9/2/2025,Closed,High,20,1
C-000002,ACCOUNT2,Account_2,8/24/2025,Open,High,,0
C-000003,ACCOUNT2,Account_2,8/19/2025,Closed,Low,28,0
C-000004,ACCOUNT3,Account_3,8/20/2025,Open,Medium,,0
C-000005,ACCOUNT3,Account_3,6/25/2025,Closed,Medium,5,0
C-000006,ACCOUNT3,Account_3,8/14/2025,Closed,High,87,0
C-000007,ACCOUNT4,Account_4,8/21/2025,In Progress,Medium,,0
C-000008,ACCOUNT4,Account_4,9/17/2025,In Progress,Medium,,0
C-000009,ACCOUNT4,Account_4,7/22/2025,Closed,High,20,0
C-000010,ACCOUNT4,Account_4,8/6/2025,Closed,Low,7,0
C-000011,ACCOUNT4,Account_4,9/7/2025,Closed,Low,43,0
C-000012,ACCOUNT5,Account_5,8/16/2025,In Progress,Low,,0
C-000013,ACCOUNT5,Account_5,8/12/2025,In Progress,High,,0
C-000014,ACCOUNT5,Account_5,8/16/2025,In Progress,Medium,,0
C-000015,ACCOUNT5,Account_5,9/18/2025,Open,Medium,,0
C-000016,ACCOUNT5,Account_5,9/6/2025,Open,Low,,0
C-000017,ACCOUNT5,Account_5,9/12/2025,Open,Medium,,0
C-000018,ACCOUNT5,Account_5,9/11/2025,Open,Medium,,0
C-000019,ACCOUNT5,Account_5,8/16/2025,In Progress,Low,,0
C-000020,ACCOUNT5,Account_5,7/27/2025,Closed,Medium,13,0
C-000021,ACCOUNT6,Account_6,7/10/2025,Closed,Low,20,0
C-000022,ACCOUNT6,Account_6,8/18/2025,Closed,Medium,70,0
C-000023,ACCOUNT6,Account_6,6/27/2025,Closed,Low,15,0
C-000024,ACCOUNT7,Account_7,9/6/2025,Open,Medium,,0
C-000025,ACCOUNT7,Account_7,8/12/2025,In Progress,Medium,,0
C-000026,ACCOUNT7,Account_7,9/7/2025,In Progress,Medium,,0
C-000027,ACCOUNT7,Account_7,9/9/2025,Open,Low,,0
C-000028,ACCOUNT7,Account_7,8/19/2025,Open,Medium,,0
C-000029,ACCOUNT7,Account_7,7/3/2025,Closed,High,59,0
C-000030,ACCOUNT7,Account_7,7/29/2025,Closed,Low,26,0
C-000031,ACCOUNT7,Account_7,7/4/2025,Closed,Medium,6,0
C-000032,ACCOUNT8,Account_8,8/6/2025,Open,High,,0
C-000033,ACCOUNT8,Account_8,8/22/2025,In Progress,Medium,,0
C-000034,ACCOUNT8,Account_8,8/27/2025,In Progress,Medium,,0
C-000035,ACCOUNT8,Account_8,8/19/2025,In Progress,Low,,0
C-000036,ACCOUNT8,Account_8,9/13/2025,Open,Medium,,0
C-000037,ACCOUNT8,Account_8,8/18/2025,Open,Medium,,0
C-000038,ACCOUNT8,Account_8,9/2/2025,In Progress,Critical,,1
C-000039,ACCOUNT8,Account_8,8/25/2025,Open,High,,1
C-000040,ACCOUNT8,Account_8,8/25/2025,Open,High,,0
C-000041,ACCOUNT8,Account_8,8/13/2025,Closed,High,25,0
C-000042,ACCOUNT9,Account_9,8/22/2025,Open,Medium,,0
C-000043,ACCOUNT9,Account_9,9/1/2025,Open,Medium,,0
C-000044,ACCOUNT9,Account_9,9/8/2025,In Progress,High,,1
C-000045,ACCOUNT9,Account_9,9/18/2025,Open,Medium,,0
C-000046,ACCOUNT9,Account_9,8/28/2025,Open,Low,,0
C-000047,ACCOUNT9,Account_9,8/9/2025,Open,Critical,,1
C-000048,ACCOUNT9,Account_9,8/11/2025,Open,Medium,,0
C-000049,ACCOUNT9,Account_9,9/14/2025,In Progress,Critical,,0
C-000050,ACCOUNT9,Account_9,8/8/2025,Closed,Low,2,0
C-000051,ACCOUNT9,Account_9,9/7/2025,Closed,High,2,0
C-000052,ACCOUNT9,Account_9,8/15/2025,Closed,Medium,27,0
C-000053,ACCOUNT10,Account_10,8/13/2025,Open,Medium,,0
C-000054,ACCOUNT10,Account_10,8/24/2025,Open,High,,0
C-000055,ACCOUNT10,Account_10,6/25/2025,Closed,Medium,18,0
C-000056,ACCOUNT10,Account_10,8/18/2025,Closed,Low,6,0
C-000057,ACCOUNT11,Account_11,9/10/2025,In Progress,Medium,,0
C-000058,ACCOUNT11,Account_11,8/19/2025,Open,High,,0
C-000059,ACCOUNT11,Account_11,8/22/2025,In Progress,Low,,0
C-000060,ACCOUNT11,Account_11,8/23/2025,Open,Medium,,0
C-000061,ACCOUNT11,Account_11,8/7/2025,Open,Low,,0
C-000062,ACCOUNT11,Account_11,8/21/2025,Open,Low,,0
C-000063,ACCOUNT11,Account_11,8/20/2025,Closed,Medium,8,0
C-000064,ACCOUNT12,Account_12,8/17/2025,Open,Low,,0
C-000065,ACCOUNT12,Account_12,8/25/2025,Open,Medium,,0
C-000066,ACCOUNT12,Account_12,7/19/2025,Closed,Medium,8,0
C-000067,ACCOUNT12,Account_12,7/1/2025,Closed,Medium,3,0
C-000068,ACCOUNT12,Account_12,7/23/2025,Closed,High,7,1
C-000069,ACCOUNT13,Account_13,8/12/2025,Closed,Low,13,0
C-000070,ACCOUNT13,Account_13,8/30/2025,Closed,Low,15,0
C-000071,ACCOUNT13,Account_13,7/2/2025,Closed,Critical,17,0
C-000072,ACCOUNT14,Account_14,8/7/2025,In Progress,Medium,,0
C-000073,ACCOUNT14,Account_14,8/18/2025,Open,Critical,,1
C-000074,ACCOUNT14,Account_14,8/23/2025,In Progress,Medium,,0
C-000075,ACCOUNT14,Account_14,9/5/2025,Open,High,,1
C-000076,ACCOUNT14,Account_14,7/27/2025,Closed,Low,6,0
C-000077,ACCOUNT14,Account_14,6/30/2025,Closed,High,13,1
C-000078,ACCOUNT14,Account_14,9/3/2025,Closed,Medium,11,0
C-000079,ACCOUNT15,Account_15,9/14/2025,Open,Low,,0
C-000080,ACCOUNT15,Account_15,8/31/2025,In Progress,Medium,,0
C-000081,ACCOUNT15,Account_15,8/24/2025,Open,Medium,,0
C-000082,ACCOUNT15,Account_15,9/17/2025,In Progress,Low,,0
C-000083,ACCOUNT15,Account_15,9/13/2025,In Progress,High,,1
C-000084,ACCOUNT15,Account_15,7/17/2025,Closed,Medium,34,0
C-000085,ACCOUNT15,Account_15,7/23/2025,Closed,Low,43,0
C-000086,ACCOUNT15,Account_15,7/26/2025,Closed,Low,11,0
C-000087,ACCOUNT16,Account_16,7/12/2025,Closed,Medium,16,0
C-000088,ACCOUNT17,Account_17,8/28/2025,Open,High,,0
C-000089,ACCOUNT17,Account_17,8/21/2025,Open,Low,,0
C-000090,ACCOUNT17,Account_17,9/17/2025,Open,Low,,0
C-000091,ACCOUNT17,Account_17,8/14/2025,Open,High,,0
C-000092,ACCOUNT17,Account_17,9/14/2025,In Progress,Medium,,0
C-000093,ACCOUNT17,Account_17,9/13/2025,Closed,Low,10,0
C-000094,ACCOUNT17,Account_17,8/7/2025,Closed,Medium,70,0
C-000095,ACCOUNT17,Account_17,7/24/2025,Closed,Low,2,0
C-000096,ACCOUNT17,Account_17,9/4/2025,Closed,Medium,2,0
C-000097,ACCOUNT18,Account_18,8/19/2025,Open,Low,,0
C-000098,ACCOUNT18,Account_18,8/11/2025,Open,Low,,0
C-000099,ACCOUNT18,Account_18,8/30/2025,Open,Low,,0
C-000100,ACCOUNT18,Account_18,8/19/2025,Closed,High,5,0
C-000101,ACCOUNT18,Account_18,8/5/2025,Closed,High,25,0
C-000102,ACCOUNT18,Account_18,7/25/2025,Closed,Medium,8,0
C-000103,ACCOUNT19,Account_19,8/21/2025,Open,Medium,,0
C-000104,ACCOUNT19,Account_19,8/8/2025,Open,Medium,,0
C-000105,ACCOUNT19,Account_19,8/17/2025,Open,Low,,0
C-000106,ACCOUNT19,Account_19,8/14/2025,Open,Low,,0
C-000107,ACCOUNT19,Account_19,9/11/2025,Open,Medium,,0
C-000108,ACCOUNT19,Account_19,8/24/2025,In Progress,Medium,,0
C-000109,ACCOUNT19,Account_19,9/1/2025,In Progress,High,,0
C-000110,ACCOUNT19,Account_19,8/6/2025,In Progress,Low,,0
C-000111,ACCOUNT19,Account_19,9/2/2025,In Progress,Low,,0
C-000112,ACCOUNT19,Account_19,9/18/2025,Open,Critical,,0
C-000113,ACCOUNT19,Account_19,9/7/2025,Closed,Critical,30,0
C-000114,ACCOUNT19,Account_19,9/6/2025,Closed,Medium,69,0
C-000115,ACCOUNT19,Account_19,7/16/2025,Closed,Low,12,0
C-000116,ACCOUNT20,Account_20,9/1/2025,Open,High,,1
C-000117,ACCOUNT20,Account_20,9/6/2025,In Progress,Medium,,0
C-000118,ACCOUNT20,Account_20,8/27/2025,Open,Critical,,0
C-000119,ACCOUNT20,Account_20,6/24/2025,Closed,High,65,0
C-000120,ACCOUNT21,Account_21,8/24/2025,In Progress,High,,0
C-000121,ACCOUNT21,Account_21,9/5/2025,In Progress,High,,0
C-000122,ACCOUNT21,Account_21,9/18/2025,Open,High,,0
C-000123,ACCOUNT21,Account_21,8/8/2025,Open,Low,,0
C-000124,ACCOUNT21,Account_21,8/31/2025,In Progress,Low,,0
C-000125,ACCOUNT21,Account_21,8/18/2025,Open,Low,,0
C-000126,ACCOUNT21,Account_21,8/11/2025,In Progress,Medium,,0
C-000127,ACCOUNT21,Account_21,8/20/2025,Open,Critical,,1
C-000128,ACCOUNT21,Account_21,9/8/2025,Open,Medium,,0
C-000129,ACCOUNT21,Account_21,8/23/2025,In Progress,Medium,,0
C-000130,ACCOUNT21,Account_21,7/13/2025,Closed,Medium,2,0
C-000131,ACCOUNT21,Account_21,8/6/2025,Closed,High,7,0
C-000132,ACCOUNT22,Account_22,8/14/2025,Open,Medium,,0
C-000133,ACCOUNT22,Account_22,7/10/2025,Closed,High,12,0
C-000134,ACCOUNT22,Account_22,7/29/2025,Closed,Low,35,0
C-000135,ACCOUNT22,Account_22,8/14/2025,Closed,High,23,0
C-000136,ACCOUNT22,Account_22,8/5/2025,Closed,High,15,0
C-000137,ACCOUNT23,Account_23,9/10/2025,Open,Low,,0
C-000138,ACCOUNT23,Account_23,9/14/2025,Open,Medium,,0
C-000139,ACCOUNT23,Account_23,8/22/2025,Open,High,,0
C-000140,ACCOUNT23,Account_23,8/11/2025,Open,Low,,0
C-000141,ACCOUNT23,Account_23,8/28/2025,In Progress,Low,,0
C-000142,ACCOUNT23,Account_23,7/30/2025,Closed,Medium,23,0
C-000143,ACCOUNT23,Account_23,6/22/2025,Closed,Low,71,0
C-000144,ACCOUNT23,Account_23,7/15/2025,Closed,Medium,8,0
C-000145,ACCOUNT24,Account_24,9/5/2025,Open,Medium,,0
C-000146,ACCOUNT24,Account_24,8/23/2025,Open,Medium,,0
C-000147,ACCOUNT24,Account_24,9/17/2025,Open,Critical,,1
C-000148,ACCOUNT24,Account_24,8/17/2025,Open,Low,,0
C-000149,ACCOUNT24,Account_24,8/31/2025,Open,High,,0
C-000150,ACCOUNT24,Account_24,9/12/2025,In Progress,Medium,,0
C-000151,ACCOUNT24,Account_24,9/11/2025,Open,Low,,0
C-000152,ACCOUNT24,Account_24,9/18/2025,Open,Low,,0
C-000153,ACCOUNT24,Account_24,7/24/2025,Closed,High,15,0
C-000154,ACCOUNT24,Account_24,7/24/2025,Closed,Medium,4,0
C-000155,ACCOUNT25,Account_25,9/18/2025,Open,Medium,,0
C-000156,ACCOUNT25,Account_25,9/16/2025,In Progress,Medium,,0
C-000157,ACCOUNT25,Account_25,8/29/2025,Open,Low,,0
C-000158,ACCOUNT25,Account_25,8/20/2025,In Progress,Medium,,0
C-000159,ACCOUNT25,Account_25,9/11/2025,In Progress,Low,,0
C-000160,ACCOUNT25,Account_25,8/15/2025,Open,High,,0
C-000161,ACCOUNT25,Account_25,6/28/2025,Closed,Medium,17,0
C-000162,ACCOUNT26,Account_26,9/11/2025,In Progress,High,,0
C-000163,ACCOUNT26,Account_26,8/8/2025,In Progress,Critical,,1
C-000164,ACCOUNT26,Account_26,8/15/2025,In Progress,Low,,0
C-000165,ACCOUNT26,Account_26,8/8/2025,Open,High,,1
C-000166,ACCOUNT26,Account_26,8/17/2025,Open,Low,,0
C-000167,ACCOUNT26,Account_26,8/12/2025,Open,Low,,0
C-000168,ACCOUNT26,Account_26,8/22/2025,Open,Low,,0
C-000169,ACCOUNT26,Account_26,8/24/2025,Open,Low,,0
C-000170,ACCOUNT26,Account_26,8/28/2025,Open,Low,,0
C-000171,ACCOUNT26,Account_26,8/1/2025,Closed,Critical,6,1
C-000172,ACCOUNT26,Account_26,6/29/2025,Closed,Low,19,0
C-000173,ACCOUNT27,Account_27,8/6/2025,In Progress,Low,,0
C-000174,ACCOUNT27,Account_27,9/17/2025,In Progress,Low,,0
C-000175,ACCOUNT28,Account_28,8/5/2025,Open,High,,0
C-000176,ACCOUNT28,Account_28,8/25/2025,In Progress,Medium,,0
C-000177,ACCOUNT28,Account_28,8/18/2025,Open,High,,0
C-000178,ACCOUNT28,Account_28,6/21/2025,Closed,Medium,18,0
C-000179,ACCOUNT29,Account_29,8/27/2025,Open,High,,0
C-000180,ACCOUNT29,Account_29,9/3/2025,Open,High,,0
C-000181,ACCOUNT30,Account_30,9/16/2025,Open,High,,1
C-000182,ACCOUNT30,Account_30,8/9/2025,Open,Medium,,0
C-000183,ACCOUNT30,Account_30,8/11/2025,Closed,Low,2,0
C-000184,ACCOUNT30,Account_30,9/12/2025,Closed,Medium,29,0
C-000185,ACCOUNT30,Account_30,7/18/2025,Closed,High,19,0
C-000186,ACCOUNT31,Account_31,8/10/2025,Open,Low,,0
C-000187,ACCOUNT31,Account_31,9/10/2025,Open,Low,,0
C-000188,ACCOUNT31,Account_31,8/6/2025,In Progress,Low,,0
C-000189,ACCOUNT31,Account_31,8/28/2025,Open,Medium,,0
C-000190,ACCOUNT31,Account_31,9/9/2025,Open,Medium,,0
C-000191,ACCOUNT31,Account_31,8/11/2025,Open,Medium,,0
C-000192,ACCOUNT31,Account_31,9/4/2025,Closed,Low,52,0
C-000193,ACCOUNT32,Account_32,6/22/2025,Closed,Medium,62,0
C-000194,ACCOUNT32,Account_32,6/29/2025,Closed,High,17,0
C-000195,ACCOUNT33,Account_33,9/16/2025,In Progress,Medium,,0
C-000196,ACCOUNT33,Account_33,9/10/2025,Open,High,,0
C-000197,ACCOUNT33,Account_33,8/7/2025,Closed,Critical,12,0
C-000198,ACCOUNT33,Account_33,9/1/2025,Closed,Low,9,0
C-000199,ACCOUNT33,Account_33,6/26/2025,Closed,Low,64,0
C-000200,ACCOUNT33,Account_33,7/11/2025,Closed,Critical,17,0
C-000201,ACCOUNT34,Account_34,8/6/2025,In Progress,Low,,0
C-000202,ACCOUNT34,Account_34,9/8/2025,In Progress,Low,,0
C-000203,ACCOUNT34,Account_34,8/31/2025,In Progress,Medium,,0
C-000204,ACCOUNT34,Account_34,8/17/2025,Open,Medium,,0
C-000205,ACCOUNT34,Account_34,8/29/2025,Open,Critical,,1
C-000206,ACCOUNT34,Account_34,7/13/2025,Closed,Medium,2,0
C-000207,ACCOUNT35,Account_35,9/4/2025,In Progress,Medium,,0
C-000208,ACCOUNT35,Account_35,8/25/2025,In Progress,Low,,0
C-000209,ACCOUNT35,Account_35,9/12/2025,In Progress,Low,,0
C-000210,ACCOUNT35,Account_35,8/11/2025,In Progress,Medium,,0
C-000211,ACCOUNT35,Account_35,9/14/2025,In Progress,High,,0
C-000212,ACCOUNT35,Account_35,9/6/2025,Open,High,,0
C-000213,ACCOUNT35,Account_35,7/17/2025,Closed,Low,12,0
C-000214,ACCOUNT35,Account_35,8/24/2025,Closed,Low,40,0
C-000215,ACCOUNT35,Account_35,9/1/2025,Closed,Medium,13,0
C-000216,ACCOUNT35,Account_35,8/24/2025,Closed,High,25,0
C-000217,ACCOUNT36,Account_36,9/15/2025,In Progress,Low,,0
C-000218,ACCOUNT36,Account_36,9/1/2025,Open,Medium,,0
C-000219,ACCOUNT36,Account_36,8/31/2025,Open,High,,0
C-000220,ACCOUNT36,Account_36,8/8/2025,Open,Medium,,0
C-000221,ACCOUNT36,Account_36,8/21/2025,In Progress,Low,,0
C-000222,ACCOUNT36,Account_36,8/13/2025,Open,Medium,,0
C-000223,ACCOUNT36,Account_36,8/31/2025,Open,Medium,,0
C-000224,ACCOUNT36,Account_36,8/28/2025,Open,Low,,0
C-000225,ACCOUNT36,Account_36,8/9/2025,In Progress,Medium,,0
C-000226,ACCOUNT36,Account_36,9/16/2025,Open,High,,1
C-000227,ACCOUNT36,Account_36,6/22/2025,Closed,Medium,9,0
C-000228,ACCOUNT36,Account_36,7/10/2025,Closed,Critical,2,0
C-000229,ACCOUNT36,Account_36,6/26/2025,Closed,Low,14,0
C-000230,ACCOUNT37,Account_37,8/25/2025,In Progress,Low,,0
C-000231,ACCOUNT37,Account_37,8/11/2025,Open,Low,,0
C-000232,ACCOUNT37,Account_37,9/8/2025,Open,Medium,,0
C-000233,ACCOUNT38,Account_38,8/25/2025,In Progress,High,,0
C-000234,ACCOUNT38,Account_38,8/30/2025,Open,Low,,0
C-000235,ACCOUNT38,Account_38,9/17/2025,Open,Low,,0
C-000236,ACCOUNT38,Account_38,9/2/2025,Open,Medium,,0
C-000237,ACCOUNT38,Account_38,7/10/2025,Closed,Low,16,0
C-000238,ACCOUNT38,Account_38,7/8/2025,Closed,High,26,0
C-000239,ACCOUNT38,Account_38,8/20/2025,Closed,High,8,0
C-000240,ACCOUNT38,Account_38,8/17/2025,Closed,Low,28,0
C-000241,ACCOUNT39,Account_39,9/5/2025,In Progress,Medium,,0
C-000242,ACCOUNT39,Account_39,9/4/2025,In Progress,High,,1
C-000243,ACCOUNT39,Account_39,8/26/2025,Closed,Low,45,0
C-000244,ACCOUNT39,Account_39,8/12/2025,Closed,Low,17,0
C-000245,ACCOUNT39,Account_39,8/15/2025,Closed,Low,12,0
C-000246,ACCOUNT40,Account_40,8/14/2025,Open,Medium,,0
C-000247,ACCOUNT40,Account_40,9/2/2025,Closed,High,10,0
C-000248,ACCOUNT40,Account_40,8/12/2025,Closed,High,25,0
C-000249,ACCOUNT40,Account_40,6/22/2025,Closed,Low,2,0
C-000250,ACCOUNT41,Account_41,9/14/2025,In Progress,Medium,,0
C-000251,ACCOUNT41,Account_41,9/8/2025,In Progress,Medium,,0
C-000252,ACCOUNT41,Account_41,8/9/2025,In Progress,Low,,0
C-000253,ACCOUNT41,Account_41,8/29/2025,In Progress,Low,,0
C-000254,ACCOUNT41,Account_41,8/14/2025,Open,Low,,0
C-000255,ACCOUNT41,Account_41,9/8/2025,In Progress,Low,,0
C-000256,ACCOUNT41,Account_41,9/9/2025,Closed,Medium,20,0
C-000257,ACCOUNT41,Account_41,9/6/2025,Closed,Low,2,0
C-000258,ACCOUNT42,Account_42,8/23/2025,Closed,High,3,0
C-000259,ACCOUNT42,Account_42,6/28/2025,Closed,High,16,0
C-000260,ACCOUNT42,Account_42,7/22/2025,Closed,Medium,26,0
C-000261,ACCOUNT42,Account_42,6/24/2025,Closed,Medium,74,0
C-000262,ACCOUNT43,Account_43,9/9/2025,Open,Critical,,1
C-000263,ACCOUNT43,Account_43,8/28/2025,Open,Low,,0
C-000264,ACCOUNT43,Account_43,9/1/2025,Open,Low,,0
C-000265,ACCOUNT43,Account_43,8/11/2025,Open,High,,0
C-000266,ACCOUNT43,Account_43,9/8/2025,Open,High,,0
C-000267,ACCOUNT43,Account_43,8/27/2025,Open,High,,0
C-000268,ACCOUNT43,Account_43,9/17/2025,In Progress,Medium,,0
C-000269,ACCOUNT43,Account_43,8/3/2025,Closed,Medium,55,0
C-000270,ACCOUNT44,Account_44,9/11/2025,In Progress,Medium,,0
C-000271,ACCOUNT44,Account_44,8/10/2025,Open,High,,1
C-000272,ACCOUNT44,Account_44,9/13/2025,In Progress,Low,,0
C-000273,ACCOUNT44,Account_44,9/3/2025,Closed,Medium,2,0
C-000274,ACCOUNT44,Account_44,7/10/2025,Closed,High,31,0
C-000275,ACCOUNT44,Account_44,7/3/2025,Closed,Medium,2,0
C-000276,ACCOUNT44,Account_44,8/3/2025,Closed,Medium,7,0
C-000277,ACCOUNT45,Account_45,8/5/2025,In Progress,Medium,,0
C-000278,ACCOUNT45,Account_45,8/20/2025,In Progress,High,,0
C-000279,ACCOUNT45,Account_45,9/5/2025,In Progress,Medium,,0
C-000280,ACCOUNT45,Account_45,8/12/2025,Closed,Low,40,0
C-000281,ACCOUNT45,Account_45,7/24/2025,Closed,Low,9,0
C-000282,ACCOUNT45,Account_45,8/3/2025,Closed,Medium,3,0
C-000283,ACCOUNT45,Account_45,7/9/2025,Closed,Low,10,0
C-000284,ACCOUNT46,Account_46,8/21/2025,Open,High,,0
C-000285,ACCOUNT46,Account_46,9/13/2025,Open,High,,1
C-000286,ACCOUNT46,Account_46,8/19/2025,Open,Medium,,0
C-000287,ACCOUNT46,Account_46,9/9/2025,In Progress,High,,1
C-000288,ACCOUNT46,Account_46,9/4/2025,Open,Medium,,0
C-000289,ACCOUNT46,Account_46,9/18/2025,Open,Critical,,0
C-000290,ACCOUNT46,Account_46,8/7/2025,Open,Low,,0
C-000291,ACCOUNT46,Account_46,8/2/2025,Closed,High,11,0
C-000292,ACCOUNT46,Account_46,7/5/2025,Closed,Low,28,0
C-000293,ACCOUNT46,Account_46,8/30/2025,Closed,Medium,10,0
C-000294,ACCOUNT46,Account_46,6/28/2025,Closed,Low,13,0
C-000295,ACCOUNT47,Account_47,8/15/2025,Open,Low,,0
C-000296,ACCOUNT47,Account_47,8/27/2025,Open,Low,,0
C-000297,ACCOUNT47,Account_47,8/30/2025,Open,Low,,0
C-000298,ACCOUNT47,Account_47,8/7/2025,Open,Low,,0
C-000299,ACCOUNT47,Account_47,9/18/2025,Open,High,,0
C-000300,ACCOUNT47,Account_47,9/10/2025,Closed,High,2,0
C-000301,ACCOUNT47,Account_47,9/9/2025,Closed,Low,18,0
C-000302,ACCOUNT47,Account_47,7/25/2025,Closed,High,14,1
C-000303,ACCOUNT48,Account_48,8/27/2025,Open,Medium,,0
C-000304,ACCOUNT48,Account_48,8/26/2025,In Progress,High,,1
C-000305,ACCOUNT48,Account_48,8/10/2025,Open,High,,1
C-000306,ACCOUNT48,Account_48,9/9/2025,Open,High,,0
C-000307,ACCOUNT48,Account_48,9/3/2025,Closed,Medium,8,0
C-000308,ACCOUNT48,Account_48,9/5/2025,Closed,High,20,1
C-000309,ACCOUNT48,Account_48,6/29/2025,Closed,Medium,3,0
C-000310,ACCOUNT49,Account_49,8/14/2025,Open,Medium,,0
C-000311,ACCOUNT49,Account_49,9/13/2025,In Progress,Low,,0
C-000312,ACCOUNT49,Account_49,9/13/2025,Open,Low,,0
C-000313,ACCOUNT50,Account_50,9/14/2025,Open,High,,0
C-000314,ACCOUNT50,Account_50,8/24/2025,In Progress,High,,0
C-000315,ACCOUNT50,Account_50,8/17/2025,Open,Medium,,0
C-000316,ACCOUNT50,Account_50,7/20/2025,Closed,Medium,23,0
C-000317,ACCOUNT50,Account_50,8/27/2025,Closed,Medium,15,0
C-000318,ACCOUNT51,Account_51,7/27/2025,Closed,Medium,8,0
C-000319,ACCOUNT51,Account_51,7/26/2025,Closed,High,42,0
C-000320,ACCOUNT51,Account_51,9/8/2025,Closed,High,29,1
C-000321,ACCOUNT51,Account_51,9/1/2025,Closed,Medium,46,0
C-000322,ACCOUNT52,Account_52,9/1/2025,Open,Medium,,0
C-000323,ACCOUNT52,Account_52,8/6/2025,Open,Medium,,0
C-000324,ACCOUNT52,Account_52,8/7/2025,In Progress,High,,1
C-000325,ACCOUNT52,Account_52,9/1/2025,Open,Low,,0
C-000326,ACCOUNT52,Account_52,8/23/2025,In Progress,Medium,,0
C-000327,ACCOUNT52,Account_52,8/31/2025,Open,Medium,,0
C-000328,ACCOUNT52,Account_52,9/18/2025,Open,High,,0
C-000329,ACCOUNT52,Account_52,9/18/2025,Open,Medium,,0
C-000330,ACCOUNT52,Account_52,8/11/2025,In Progress,High,,1
C-000331,ACCOUNT52,Account_52,9/2/2025,Open,Medium,,0
C-000332,ACCOUNT53,Account_53,8/14/2025,Open,Medium,,0
C-000333,ACCOUNT53,Account_53,8/14/2025,In Progress,Medium,,0
C-000334,ACCOUNT53,Account_53,9/3/2025,Open,High,,0
C-000335,ACCOUNT53,Account_53,9/7/2025,Closed,Medium,16,0
C-000336,ACCOUNT53,Account_53,8/23/2025,Closed,Medium,7,0
C-000337,ACCOUNT53,Account_53,7/30/2025,Closed,Medium,34,0
C-000338,ACCOUNT53,Account_53,8/28/2025,Closed,High,18,1
C-000339,ACCOUNT54,Account_54,9/9/2025,Open,Low,,0
C-000340,ACCOUNT54,Account_54,8/24/2025,In Progress,High,,1
C-000341,ACCOUNT54,Account_54,8/20/2025,In Progress,Low,,0
C-000342,ACCOUNT54,Account_54,8/6/2025,Open,Low,,0
C-000343,ACCOUNT54,Account_54,8/22/2025,In Progress,Low,,0
C-000344,ACCOUNT54,Account_54,9/1/2025,Open,High,,0
C-000345,ACCOUNT54,Account_54,8/6/2025,Closed,Low,5,0
C-000346,ACCOUNT54,Account_54,9/10/2025,Closed,Low,29,0
C-000347,ACCOUNT54,Account_54,8/5/2025,Closed,High,8,0
C-000348,ACCOUNT54,Account_54,7/8/2025,Closed,Low,18,0
C-000349,ACCOUNT55,Account_55,9/14/2025,Open,Low,,0
C-000350,ACCOUNT55,Account_55,9/2/2025,Open,Low,,0
C-000351,ACCOUNT55,Account_55,8/25/2025,Open,Medium,,0
C-000352,ACCOUNT55,Account_55,8/31/2025,Open,Medium,,0
C-000353,ACCOUNT55,Account_55,9/11/2025,In Progress,High,,1
C-000354,ACCOUNT55,Account_55,6/22/2025,Closed,Medium,2,0
C-000355,ACCOUNT55,Account_55,6/29/2025,Closed,Low,8,0
C-000356,ACCOUNT55,Account_55,9/6/2025,Closed,Medium,2,0
C-000357,ACCOUNT56,Account_56,9/12/2025,Open,High,,1
C-000358,ACCOUNT56,Account_56,8/9/2025,Open,Low,,0
C-000359,ACCOUNT56,Account_56,8/24/2025,In Progress,Medium,,0
C-000360,ACCOUNT56,Account_56,9/8/2025,Open,High,,0
C-000361,ACCOUNT56,Account_56,7/4/2025,Closed,Medium,47,0
C-000362,ACCOUNT56,Account_56,6/21/2025,Closed,Medium,37,0
C-000363,ACCOUNT56,Account_56,7/11/2025,Closed,Low,4,0
C-000364,ACCOUNT57,Account_57,8/12/2025,Open,High,,1
C-000365,ACCOUNT57,Account_57,9/3/2025,Closed,Low,17,0
C-000366,ACCOUNT57,Account_57,8/7/2025,Closed,Medium,111,0
C-000367,ACCOUNT58,Account_58,8/18/2025,Open,Medium,,0
C-000368,ACCOUNT58,Account_58,9/17/2025,Open,Critical,,1
C-000369,ACCOUNT58,Account_58,9/8/2025,In Progress,Low,,0
C-000370,ACCOUNT58,Account_58,9/10/2025,In Progress,Low,,0
C-000371,ACCOUNT58,Account_58,8/3/2025,Closed,Low,66,0
C-000372,ACCOUNT58,Account_58,8/7/2025,Closed,Medium,16,0
C-000373,ACCOUNT59,Account_59,9/17/2025,Open,Low,,0
C-000374,ACCOUNT59,Account_59,8/20/2025,Open,High,,1
C-000375,ACCOUNT59,Account_59,8/22/2025,Open,High,,0
C-000376,ACCOUNT59,Account_59,8/25/2025,In Progress,High,,0
C-000377,ACCOUNT59,Account_59,8/24/2025,In Progress,High,,0
C-000378,ACCOUNT60,Account_60,9/9/2025,Open,Medium,,0
C-000379,ACCOUNT60,Account_60,8/26/2025,Open,Medium,,0
C-000380,ACCOUNT60,Account_60,9/13/2025,In Progress,High,,0
C-000381,ACCOUNT60,Account_60,8/28/2025,In Progress,Low,,0
C-000382,ACCOUNT60,Account_60,9/15/2025,In Progress,Medium,,0
C-000383,ACCOUNT60,Account_60,8/14/2025,In Progress,Medium,,0
C-000384,ACCOUNT60,Account_60,9/6/2025,Open,Medium,,0
C-000385,ACCOUNT60,Account_60,8/26/2025,In Progress,Low,,0
C-000386,ACCOUNT60,Account_60,8/28/2025,Open,Medium,,0
C-000387,ACCOUNT60,Account_60,8/14/2025,Open,High,,1
C-000388,ACCOUNT60,Account_60,8/23/2025,Closed,Low,2,0
C-000389,ACCOUNT61,Account_61,9/18/2025,Open,Low,,0
C-000390,ACCOUNT61,Account_61,8/27/2025,Open,High,,1
C-000391,ACCOUNT61,Account_61,8/20/2025,Open,Medium,,0
C-000392,ACCOUNT61,Account_61,8/27/2025,Open,Medium,,0
C-000393,ACCOUNT61,Account_61,9/10/2025,Open,Low,,0
C-000394,ACCOUNT61,Account_61,8/17/2025,Open,Medium,,0
C-000395,ACCOUNT61,Account_61,9/2/2025,Open,Low,,0
C-000396,ACCOUNT61,Account_61,9/11/2025,Open,Medium,,0
C-000397,ACCOUNT61,Account_61,7/21/2025,Closed,High,28,0
C-000398,ACCOUNT61,Account_61,8/25/2025,Closed,High,30,0
C-000399,ACCOUNT61,Account_61,9/3/2025,Closed,Low,48,0
C-000400,ACCOUNT62,Account_62,9/3/2025,Open,High,,1
C-000401,ACCOUNT62,Account_62,9/16/2025,In Progress,Low,,0
C-000402,ACCOUNT62,Account_62,9/3/2025,In Progress,Low,,0
C-000403,ACCOUNT62,Account_62,9/13/2025,In Progress,Low,,0
C-000404,ACCOUNT62,Account_62,8/31/2025,Open,Low,,0
C-000405,ACCOUNT62,Account_62,8/30/2025,In Progress,Low,,0
C-000406,ACCOUNT62,Account_62,8/26/2025,Closed,Medium,11,0
C-000407,ACCOUNT62,Account_62,7/27/2025,Closed,Low,36,0
C-000408,ACCOUNT63,Account_63,8/5/2025,Open,High,,0
C-000409,ACCOUNT63,Account_63,9/17/2025,In Progress,Low,,0
C-000410,ACCOUNT63,Account_63,8/6/2025,In Progress,High,,1
C-000411,ACCOUNT63,Account_63,9/8/2025,In Progress,Medium,,0
C-000412,ACCOUNT63,Account_63,8/13/2025,Open,Medium,,0
C-000413,ACCOUNT63,Account_63,9/11/2025,In Progress,Medium,,0
C-000414,ACCOUNT63,Account_63,8/7/2025,Open,High,,1
C-000415,ACCOUNT63,Account_63,8/5/2025,Open,Medium,,0
C-000416,ACCOUNT63,Account_63,9/12/2025,In Progress,Low,,0
C-000417,ACCOUNT63,Account_63,9/7/2025,Open,Medium,,0
C-000418,ACCOUNT63,Account_63,7/29/2025,Closed,Low,22,0
C-000419,ACCOUNT63,Account_63,7/23/2025,Closed,Low,17,0
C-000420,ACCOUNT63,Account_63,8/23/2025,Closed,Medium,30,0
C-000421,ACCOUNT64,Account_64,8/28/2025,Open,High,,0
C-000422,ACCOUNT64,Account_64,8/14/2025,In Progress,Medium,,0
C-000423,ACCOUNT64,Account_64,9/16/2025,In Progress,High,,1
C-000424,ACCOUNT64,Account_64,8/31/2025,In Progress,Medium,,0
C-000425,ACCOUNT64,Account_64,8/16/2025,Open,Low,,0
C-000426,ACCOUNT64,Account_64,8/24/2025,In Progress,Low,,0
C-000427,ACCOUNT64,Account_64,8/28/2025,Open,Medium,,0
C-000428,ACCOUNT64,Account_64,8/6/2025,Open,Low,,0
C-000429,ACCOUNT64,Account_64,7/12/2025,Closed,Low,4,0
C-000430,ACCOUNT64,Account_64,6/24/2025,Closed,Critical,32,0
C-000431,ACCOUNT64,Account_64,7/14/2025,Closed,Low,2,0
C-000432,ACCOUNT64,Account_64,7/4/2025,Closed,Medium,9,0
C-000433,ACCOUNT65,Account_65,9/11/2025,In Progress,Medium,,0
C-000434,ACCOUNT65,Account_65,9/7/2025,Open,Medium,,0
C-000435,ACCOUNT65,Account_65,8/22/2025,Open,Low,,0
C-000436,ACCOUNT65,Account_65,9/5/2025,Open,High,,0
C-000437,ACCOUNT65,Account_65,8/17/2025,In Progress,Low,,0
C-000438,ACCOUNT65,Account_65,8/11/2025,Closed,Low,18,0
C-000439,ACCOUNT65,Account_65,8/30/2025,Closed,High,9,0
C-000440,ACCOUNT66,Account_66,7/14/2025,Closed,Low,33,0
C-000441,ACCOUNT66,Account_66,8/20/2025,Closed,Low,72,0
C-000442,ACCOUNT66,Account_66,7/16/2025,Closed,Medium,2,0
C-000443,ACCOUNT67,Account_67,8/30/2025,Open,Low,,0
C-000444,ACCOUNT67,Account_67,7/4/2025,Closed,Medium,2,0
C-000445,ACCOUNT67,Account_67,9/10/2025,Closed,Low,63,0
C-000446,ACCOUNT67,Account_67,9/2/2025,Closed,Low,38,0
C-000447,ACCOUNT68,Account_68,8/25/2025,Open,Low,,0
C-000448,ACCOUNT68,Account_68,8/23/2025,Open,Low,,0
C-000449,ACCOUNT68,Account_68,8/26/2025,Open,Medium,,0
C-000450,ACCOUNT68,Account_68,8/5/2025,Open,Critical,,0
C-000451,ACCOUNT68,Account_68,8/19/2025,Closed,Low,22,0
C-000452,ACCOUNT68,Account_68,8/14/2025,Closed,Low,36,0
C-000453,ACCOUNT68,Account_68,7/19/2025,Closed,Critical,17,0
C-000454,ACCOUNT68,Account_68,7/29/2025,Closed,Low,11,0
C-000455,ACCOUNT69,Account_69,8/6/2025,In Progress,Low,,0
C-000456,ACCOUNT69,Account_69,9/1/2025,Open,Medium,,0
C-000457,ACCOUNT69,Account_69,7/30/2025,Closed,Medium,22,0
C-000458,ACCOUNT69,Account_69,7/11/2025,Closed,Critical,14,0
C-000459,ACCOUNT70,Account_70,8/20/2025,In Progress,Medium,,0
C-000460,ACCOUNT70,Account_70,8/22/2025,Open,Medium,,0
C-000461,ACCOUNT70,Account_70,8/7/2025,Open,Medium,,0
C-000462,ACCOUNT70,Account_70,8/16/2025,In Progress,High,,1
C-000463,ACCOUNT70,Account_70,9/15/2025,In Progress,Low,,0
C-000464,ACCOUNT70,Account_70,9/7/2025,In Progress,High,,0
C-000465,ACCOUNT70,Account_70,9/18/2025,Open,Medium,,0
C-000466,ACCOUNT70,Account_70,9/9/2025,In Progress,High,,1
C-000467,ACCOUNT70,Account_70,9/3/2025,Open,Medium,,0
C-000468,ACCOUNT70,Account_70,8/15/2025,Closed,Low,5,0
C-000469,ACCOUNT70,Account_70,7/23/2025,Closed,Low,19,0
C-000470,ACCOUNT70,Account_70,6/29/2025,Closed,Low,60,0
C-000471,ACCOUNT71,Account_71,9/3/2025,Open,Medium,,0
C-000472,ACCOUNT71,Account_71,8/30/2025,Open,Medium,,0
C-000473,ACCOUNT71,Account_71,9/15/2025,Open,Medium,,0
C-000474,ACCOUNT71,Account_71,9/1/2025,In Progress,Medium,,0
C-000475,ACCOUNT71,Account_71,7/10/2025,Closed,Medium,70,0
C-000476,ACCOUNT72,Account_72,7/20/2025,Closed,Medium,17,0
C-000477,ACCOUNT72,Account_72,8/11/2025,Closed,High,10,0
C-000478,ACCOUNT72,Account_72,7/20/2025,Closed,Low,34,0
C-000479,ACCOUNT73,Account_73,8/31/2025,In Progress,Low,,0
C-000480,ACCOUNT73,Account_73,8/21/2025,Closed,Medium,2,0
C-000481,ACCOUNT73,Account_73,8/28/2025,Closed,High,10,0
C-000482,ACCOUNT73,Account_73,8/27/2025,Closed,Medium,35,0
C-000483,ACCOUNT74,Account_74,9/8/2025,In Progress,Medium,,0
C-000484,ACCOUNT74,Account_74,9/6/2025,In Progress,High,,1
C-000485,ACCOUNT74,Account_74,9/4/2025,In Progress,Medium,,0
C-000486,ACCOUNT74,Account_74,8/13/2025,Open,High,,0
C-000487,ACCOUNT74,Account_74,9/7/2025,In Progress,Medium,,0
C-000488,ACCOUNT74,Account_74,8/17/2025,Open,Low,,0
C-000489,ACCOUNT74,Account_74,8/6/2025,Open,Medium,,0
C-000490,ACCOUNT74,Account_74,9/4/2025,Open,High,,1
C-000491,ACCOUNT74,Account_74,9/8/2025,In Progress,Medium,,0
C-000492,ACCOUNT74,Account_74,9/12/2025,Closed,Medium,3,0
C-000493,ACCOUNT74,Account_74,8/30/2025,Closed,Medium,2,0
C-000494,ACCOUNT75,Account_75,8/27/2025,Open,Low,,0
C-000495,ACCOUNT75,Account_75,9/6/2025,In Progress,High,,0
C-000496,ACCOUNT75,Account_75,8/8/2025,Open,Critical,,0
C-000497,ACCOUNT75,Account_75,8/9/2025,In Progress,High,,0
C-000498,ACCOUNT75,Account_75,8/22/2025,Open,Low,,0
C-000499,ACCOUNT75,Account_75,8/12/2025,Open,Medium,,0
C-000500,ACCOUNT75,Account_75,6/28/2025,Closed,High,49,0
C-000501,ACCOUNT75,Account_75,8/15/2025,Closed,High,24,0
C-000502,ACCOUNT76,Account_76,9/13/2025,In Progress,Low,,0
C-000503,ACCOUNT76,Account_76,9/16/2025,Open,Low,,0
C-000504,ACCOUNT76,Account_76,8/11/2025,In Progress,Medium,,0
C-000505,ACCOUNT76,Account_76,8/27/2025,Open,Low,,0
C-000506,ACCOUNT76,Account_76,8/22/2025,Open,Low,,0
C-000507,ACCOUNT76,Account_76,9/9/2025,Closed,Low,49,0
C-000508,ACCOUNT76,Account_76,7/27/2025,Closed,Low,54,0
C-000509,ACCOUNT76,Account_76,7/14/2025,Closed,Critical,31,1
C-000510,ACCOUNT76,Account_76,8/26/2025,Closed,Low,3,0
C-000511,ACCOUNT77,Account_77,9/7/2025,Open,High,,1
C-000512,ACCOUNT77,Account_77,8/26/2025,Open,Low,,0
C-000513,ACCOUNT77,Account_77,8/11/2025,Open,High,,1
C-000514,ACCOUNT77,Account_77,9/17/2025,Open,High,,1
C-000515,ACCOUNT77,Account_77,9/5/2025,Open,Medium,,0
C-000516,ACCOUNT77,Account_77,7/17/2025,Closed,Low,55,0
C-000517,ACCOUNT77,Account_77,8/17/2025,Closed,High,18,0
C-000518,ACCOUNT78,Account_78,8/13/2025,Open,High,,1
C-000519,ACCOUNT78,Account_78,9/3/2025,Open,High,,1
C-000520,ACCOUNT78,Account_78,8/9/2025,In Progress,Medium,,0
C-000521,ACCOUNT78,Account_78,9/8/2025,In Progress,Medium,,0
C-000522,ACCOUNT78,Account_78,9/1/2025,In Progress,Medium,,0
C-000523,ACCOUNT78,Account_78,8/22/2025,In Progress,High,,0
C-000524,ACCOUNT78,Account_78,7/27/2025,Closed,High,2,1
C-000525,ACCOUNT78,Account_78,6/22/2025,Closed,Medium,2,0
C-000526,ACCOUNT79,Account_79,8/25/2025,Open,Medium,,0
C-000527,ACCOUNT79,Account_79,8/10/2025,Open,High,,1
C-000528,ACCOUNT79,Account_79,9/16/2025,In Progress,Medium,,0
C-000529,ACCOUNT79,Account_79,8/24/2025,Open,High,,0
C-000530,ACCOUNT79,Account_79,8/10/2025,In Progress,High,,1
C-000531,ACCOUNT79,Account_79,9/15/2025,In Progress,Low,,0
C-000532,ACCOUNT79,Account_79,8/18/2025,In Progress,Medium,,0
C-000533,ACCOUNT79,Account_79,8/16/2025,Open,Medium,,0
C-000534,ACCOUNT79,Account_79,8/12/2025,Open,Medium,,0
C-000535,ACCOUNT79,Account_79,6/24/2025,Closed,Medium,2,0
C-000536,ACCOUNT80,Account_80,8/17/2025,In Progress,Low,,0
C-000537,ACCOUNT80,Account_80,8/18/2025,Open,Critical,,0
C-000538,ACCOUNT80,Account_80,8/31/2025,In Progress,Medium,,0
C-000539,ACCOUNT80,Account_80,8/26/2025,In Progress,Medium,,0
C-000540,ACCOUNT80,Account_80,9/11/2025,Open,Medium,,0
C-000541,ACCOUNT80,Account_80,8/20/2025,Open,High,,0
C-000542,ACCOUNT80,Account_80,8/27/2025,In Progress,Medium,,0
C-000543,ACCOUNT80,Account_80,9/15/2025,Open,Low,,0
C-000544,ACCOUNT80,Account_80,7/21/2025,Closed,Critical,3,0
C-000545,ACCOUNT81,Account_81,8/14/2025,Open,High,,1
C-000546,ACCOUNT81,Account_81,9/2/2025,Closed,High,7,0
C-000547,ACCOUNT81,Account_81,6/25/2025,Closed,Medium,36,0
C-000548,ACCOUNT82,Account_82,8/25/2025,Open,Low,,0
C-000549,ACCOUNT82,Account_82,8/9/2025,In Progress,Medium,,0
C-000550,ACCOUNT82,Account_82,9/16/2025,In Progress,High,,1
C-000551,ACCOUNT82,Account_82,8/20/2025,Open,Low,,0
C-000552,ACCOUNT82,Account_82,9/3/2025,Open,Medium,,0
C-000553,ACCOUNT82,Account_82,8/18/2025,Open,Medium,,0
C-000554,ACCOUNT82,Account_82,8/20/2025,Closed,Medium,103,0
C-000555,ACCOUNT82,Account_82,7/11/2025,Closed,High,67,0
C-000556,ACCOUNT83,Account_83,9/7/2025,Open,High,,1
C-000557,ACCOUNT83,Account_83,8/12/2025,In Progress,High,,0
C-000558,ACCOUNT83,Account_83,9/15/2025,Open,Low,,0
C-000559,ACCOUNT83,Account_83,8/19/2025,Open,Medium,,0
C-000560,ACCOUNT83,Account_83,8/15/2025,Open,Medium,,0
C-000561,ACCOUNT83,Account_83,8/14/2025,In Progress,Low,,0
C-000562,ACCOUNT83,Account_83,9/8/2025,In Progress,Low,,0
C-000563,ACCOUNT83,Account_83,8/30/2025,Open,Low,,0
C-000564,ACCOUNT83,Account_83,8/19/2025,In Progress,Critical,,1
C-000565,ACCOUNT84,Account_84,9/4/2025,In Progress,Medium,,0
C-000566,ACCOUNT84,Account_84,9/15/2025,Open,Critical,,0
C-000567,ACCOUNT84,Account_84,8/14/2025,In Progress,Low,,0
C-000568,ACCOUNT84,Account_84,8/2/2025,Closed,Low,16,0
C-000569,ACCOUNT85,Account_85,9/14/2025,Open,Low,,0
C-000570,ACCOUNT85,Account_85,8/26/2025,In Progress,Medium,,0
C-000571,ACCOUNT85,Account_85,8/14/2025,In Progress,Medium,,0
C-000572,ACCOUNT85,Account_85,8/20/2025,Open,High,,1
C-000573,ACCOUNT85,Account_85,9/7/2025,Closed,Low,57,0
C-000574,ACCOUNT85,Account_85,8/31/2025,Closed,Medium,18,0
C-000575,ACCOUNT85,Account_85,8/23/2025,Closed,High,3,0
C-000576,ACCOUNT86,Account_86,9/1/2025,Closed,High,33,0
C-000577,ACCOUNT86,Account_86,9/1/2025,Closed,Medium,14,0
C-000578,ACCOUNT87,Account_87,8/9/2025,Open,Low,,0
C-000579,ACCOUNT87,Account_87,9/1/2025,Open,High,,1
C-000580,ACCOUNT87,Account_87,9/2/2025,In Progress,High,,1
C-000581,ACCOUNT87,Account_87,9/10/2025,In Progress,Medium,,0
C-000582,ACCOUNT87,Account_87,8/25/2025,Open,Low,,0
C-000583,ACCOUNT87,Account_87,9/4/2025,In Progress,Low,,0
C-000584,ACCOUNT88,Account_88,6/23/2025,Closed,Low,19,0
C-000585,ACCOUNT88,Account_88,7/26/2025,Closed,Medium,57,0
C-000586,ACCOUNT89,Account_89,9/14/2025,In Progress,Low,,0
C-000587,ACCOUNT89,Account_89,8/19/2025,In Progress,High,,0
C-000588,ACCOUNT89,Account_89,8/11/2025,Open,Low,,0
C-000589,ACCOUNT89,Account_89,9/4/2025,Open,High,,1
C-000590,ACCOUNT89,Account_89,9/10/2025,Open,Medium,,0
C-000591,ACCOUNT89,Account_89,8/5/2025,In Progress,Medium,,0
C-000592,ACCOUNT89,Account_89,8/28/2025,In Progress,Medium,,0
C-000593,ACCOUNT89,Account_89,8/31/2025,Open,Low,,0
C-000594,ACCOUNT89,Account_89,7/8/2025,Closed,Medium,11,0
C-000595,ACCOUNT89,Account_89,7/24/2025,Closed,High,10,0
C-000596,ACCOUNT89,Account_89,8/22/2025,Closed,Low,17,0
C-000597,ACCOUNT90,Account_90,9/6/2025,Open,Medium,,0
C-000598,ACCOUNT90,Account_90,9/4/2025,In Progress,Medium,,0
C-000599,ACCOUNT90,Account_90,9/4/2025,Open,High,,0
C-000600,ACCOUNT90,Account_90,9/8/2025,Open,High,,1
C-000601,ACCOUNT90,Account_90,9/4/2025,Open,High,,0
C-000602,ACCOUNT90,Account_90,9/5/2025,Open,High,,1
C-000603,ACCOUNT90,Account_90,9/6/2025,In Progress,Medium,,0
C-000604,ACCOUNT90,Account_90,9/12/2025,Open,Medium,,0
C-000605,ACCOUNT90,Account_90,8/28/2025,Closed,Low,47,0
C-000606,ACCOUNT90,Account_90,7/21/2025,Closed,Medium,43,0
C-000607,ACCOUNT91,Account_91,8/30/2025,Open,Medium,,0
C-000608,ACCOUNT91,Account_91,9/18/2025,Open,High,,1
C-000609,ACCOUNT91,Account_91,8/22/2025,Open,Low,,0
C-000610,ACCOUNT91,Account_91,8/8/2025,In Progress,Low,,0
C-000611,ACCOUNT91,Account_91,9/18/2025,In Progress,High,,1
C-000612,ACCOUNT91,Account_91,8/10/2025,Open,Critical,,1
C-000613,ACCOUNT91,Account_91,9/12/2025,In Progress,Low,,0
C-000614,ACCOUNT91,Account_91,8/24/2025,Open,Medium,,0
C-000615,ACCOUNT91,Account_91,8/21/2025,Open,Low,,0
C-000616,ACCOUNT91,Account_91,8/15/2025,In Progress,Medium,,0
C-000617,ACCOUNT91,Account_91,9/10/2025,Closed,Medium,4,0
C-000618,ACCOUNT91,Account_91,6/29/2025,Closed,Low,3,0
C-000619,ACCOUNT91,Account_91,7/12/2025,Closed,Medium,21,0
C-000620,ACCOUNT91,Account_91,9/12/2025,Closed,Medium,21,0
C-000621,ACCOUNT92,Account_92,9/11/2025,Open,Medium,,0
C-000622,ACCOUNT92,Account_92,9/14/2025,Open,Low,,0
C-000623,ACCOUNT92,Account_92,8/21/2025,Open,Medium,,0
C-000624,ACCOUNT92,Account_92,8/22/2025,In Progress,Low,,0
C-000625,ACCOUNT92,Account_92,8/29/2025,In Progress,High,,0
C-000626,ACCOUNT92,Account_92,8/16/2025,Open,Medium,,0
C-000627,ACCOUNT92,Account_92,9/7/2025,Open,High,,1
C-000628,ACCOUNT92,Account_92,9/15/2025,In Progress,High,,0
C-000629,ACCOUNT92,Account_92,8/23/2025,Open,Low,,0
C-000630,ACCOUNT92,Account_92,9/12/2025,Open,Medium,,0
C-000631,ACCOUNT92,Account_92,6/25/2025,Closed,High,2,0
C-000632,ACCOUNT92,Account_92,7/8/2025,Closed,Low,32,0
C-000633,ACCOUNT92,Account_92,8/9/2025,Closed,High,42,0
C-000634,ACCOUNT92,Account_92,7/14/2025,Closed,Medium,2,0
C-000635,ACCOUNT93,Account_93,9/18/2025,In Progress,High,,0
C-000636,ACCOUNT93,Account_93,9/12/2025,Open,Medium,,0
C-000637,ACCOUNT93,Account_93,8/12/2025,Open,Medium,,0
C-000638,ACCOUNT93,Account_93,7/16/2025,Closed,High,28,0
C-000639,ACCOUNT93,Account_93,8/20/2025,Closed,Medium,17,0
C-000640,ACCOUNT93,Account_93,8/19/2025,Closed,Medium,42,0
C-000641,ACCOUNT94,Account_94,9/18/2025,Open,Low,,0
C-000642,ACCOUNT94,Account_94,8/26/2025,In Progress,High,,0
C-000643,ACCOUNT94,Account_94,9/4/2025,Open,High,,1
C-000644,ACCOUNT94,Account_94,9/2/2025,In Progress,Medium,,0
C-000645,ACCOUNT94,Account_94,8/26/2025,Open,Low,,0
C-000646,ACCOUNT94,Account_94,8/13/2025,Closed,Low,32,0
C-000647,ACCOUNT95,Account_95,8/12/2025,In Progress,Medium,,0
C-000648,ACCOUNT95,Account_95,8/24/2025,Open,Medium,,0
C-000649,ACCOUNT95,Account_95,9/11/2025,In Progress,Medium,,0
C-000650,ACCOUNT95,Account_95,8/25/2025,Open,Medium,,0
C-000651,ACCOUNT95,Account_95,8/26/2025,Open,High,,1
C-000652,ACCOUNT95,Account_95,8/17/2025,Open,Medium,,0
C-000653,ACCOUNT95,Account_95,7/2/2025,Closed,Low,63,0
C-000654,ACCOUNT95,Account_95,6/28/2025,Closed,Medium,16,0
C-000655,ACCOUNT96,Account_96,8/15/2025,Open,Medium,,0
C-000656,ACCOUNT96,Account_96,7/16/2025,Closed,Low,11,0
C-000657,ACCOUNT97,Account_97,8/31/2025,Open,Low,,0
C-000658,ACCOUNT97,Account_97,8/15/2025,Open,Medium,,0
C-000659,ACCOUNT97,Account_97,8/14/2025,In Progress,Medium,,0
C-000660,ACCOUNT97,Account_97,9/10/2025,Open,Low,,0
C-000661,ACCOUNT97,Account_97,8/28/2025,In Progress,Medium,,0
C-000662,ACCOUNT97,Account_97,8/21/2025,Open,Critical,,0
C-000663,ACCOUNT97,Account_97,8/29/2025,In Progress,Low,,0
C-000664,ACCOUNT97,Account_97,8/28/2025,Open,Medium,,0
C-000665,ACCOUNT97,Account_97,8/30/2025,In Progress,High,,0
C-000666,ACCOUNT97,Account_97,8/31/2025,Open,Critical,,1
C-000667,ACCOUNT97,Account_97,8/26/2025,Closed,Medium,17,0
C-000668,ACCOUNT97,Account_97,8/23/2025,Closed,Medium,24,0
C-000669,ACCOUNT97,Account_97,7/23/2025,Closed,Low,46,0
C-000670,ACCOUNT98,Account_98,8/25/2025,In Progress,Medium,,0
C-000671,ACCOUNT98,Account_98,9/1/2025,Open,Low,,0
C-000672,ACCOUNT98,Account_98,8/8/2025,In Progress,Medium,,0
C-000673,ACCOUNT98,Account_98,8/7/2025,Open,High,,1
C-000674,ACCOUNT98,Account_98,9/6/2025,In Progress,Medium,,0
C-000675,ACCOUNT98,Account_98,7/8/2025,Closed,Low,4,0
C-000676,ACCOUNT98,Account_98,7/4/2025,Closed,Low,27,0
C-000677,ACCOUNT99,Account_99,8/30/2025,In Progress,Medium,,0
C-000678,ACCOUNT99,Account_99,8/21/2025,Open,Medium,,0
C-000679,ACCOUNT99,Account_99,9/6/2025,In Progress,Low,,0
C-000680,ACCOUNT99,Account_99,8/29/2025,Open,Medium,,0
C-000681,ACCOUNT99,Account_99,8/9/2025,Open,Low,,0
C-000682,ACCOUNT99,Account_99,9/18/2025,Open,Low,,0
C-000683,ACCOUNT99,Account_99,8/29/2025,Open,Medium,,0
C-000684,ACCOUNT99,Account_99,8/8/2025,Open,High,,0
C-000685,ACCOUNT99,Account_99,8/23/2025,Open,High,,0
C-000686,ACCOUNT99,Account_99,7/18/2025,Closed,Low,5,0
C-000687,ACCOUNT99,Account_99,7/6/2025,Closed,Low,4,0
C-000688,ACCOUNT99,Account_99,7/8/2025,Closed,Medium,34,0
C-000689,ACCOUNT99,Account_99,8/27/2025,Closed,High,23,0
C-000690,ACCOUNT100,Account_100,8/29/2025,Open,Low,,0
C-000691,ACCOUNT100,Account_100,8/17/2025,Open,Medium,,0
C-000692,ACCOUNT100,Account_100,9/1/2025,In Progress,High,,1
C-000693,ACCOUNT100,Account_100,8/20/2025,In Progress,Medium,,0
C-000694,ACCOUNT100,Account_100,9/6/2025,In Progress,Medium,,0
C-000695,ACCOUNT100,Account_100,7/16/2025,Closed,Medium,8,0
C-000696,ACCOUNT101,Account_101,9/16/2025,Open,High,,0
C-000697,ACCOUNT101,Account_101,9/12/2025,In Progress,High,,0
C-000698,ACCOUNT101,Account_101,9/10/2025,Open,Medium,,0
C-000699,ACCOUNT101,Account_101,9/15/2025,Open,Medium,,0
C-000700,ACCOUNT101,Account_101,8/12/2025,Open,Low,,0
C-000701,ACCOUNT101,Account_101,8/19/2025,Open,High,,1
C-000702,ACCOUNT101,Account_101,9/18/2025,In Progress,Critical,,0
C-000703,ACCOUNT101,Account_101,8/5/2025,In Progress,Medium,,0
C-000704,ACCOUNT101,Account_101,8/28/2025,Open,Low,,0
C-000705,ACCOUNT101,Account_101,9/15/2025,Open,Medium,,0
C-000706,ACCOUNT101,Account_101,8/7/2025,Closed,High,2,1
C-000707,ACCOUNT101,Account_101,8/1/2025,Closed,High,12,0
C-000708,ACCOUNT101,Account_101,7/7/2025,Closed,Medium,39,0
C-000709,ACCOUNT101,Account_101,6/29/2025,Closed,Low,23,0
C-000710,ACCOUNT102,Account_102,8/9/2025,In Progress,Medium,,0
C-000711,ACCOUNT102,Account_102,9/1/2025,Closed,Medium,54,0
C-000712,ACCOUNT102,Account_102,9/4/2025,Closed,Critical,34,0
C-000713,ACCOUNT103,Account_103,8/17/2025,Open,Medium,,0
C-000714,ACCOUNT103,Account_103,8/15/2025,Open,Medium,,0
C-000715,ACCOUNT103,Account_103,8/18/2025,In Progress,Medium,,0
C-000716,ACCOUNT103,Account_103,9/3/2025,In Progress,Low,,0
C-000717,ACCOUNT103,Account_103,7/7/2025,Closed,High,29,0
C-000718,ACCOUNT104,Account_104,8/12/2025,In Progress,Low,,0
C-000719,ACCOUNT104,Account_104,9/1/2025,Open,High,,1
C-000720,ACCOUNT104,Account_104,8/26/2025,In Progress,High,,1
C-000721,ACCOUNT104,Account_104,8/27/2025,In Progress,Low,,0
C-000722,ACCOUNT104,Account_104,8/19/2025,In Progress,High,,0
C-000723,ACCOUNT104,Account_104,8/5/2025,Open,Medium,,0
C-000724,ACCOUNT104,Account_104,9/9/2025,In Progress,Medium,,0
C-000725,ACCOUNT104,Account_104,8/5/2025,Open,Medium,,0
C-000726,ACCOUNT104,Account_104,8/16/2025,Closed,Low,20,0
C-000727,ACCOUNT104,Account_104,6/29/2025,Closed,Critical,29,0
C-000728,ACCOUNT104,Account_104,7/3/2025,Closed,Medium,22,0
C-000729,ACCOUNT105,Account_105,9/3/2025,Open,Low,,0
C-000730,ACCOUNT105,Account_105,9/7/2025,Open,Medium,,0
C-000731,ACCOUNT105,Account_105,9/1/2025,Open,Medium,,0
C-000732,ACCOUNT105,Account_105,9/6/2025,In Progress,Low,,0
C-000733,ACCOUNT106,Account_106,8/22/2025,In Progress,Low,,0
C-000734,ACCOUNT106,Account_106,9/5/2025,Open,Low,,0
C-000735,ACCOUNT106,Account_106,9/10/2025,Open,Low,,0
C-000736,ACCOUNT106,Account_106,8/21/2025,Open,High,,0
C-000737,ACCOUNT106,Account_106,8/17/2025,In Progress,High,,0
C-000738,ACCOUNT106,Account_106,8/28/2025,In Progress,Medium,,0
C-000739,ACCOUNT106,Account_106,8/17/2025,Open,Medium,,0
C-000740,ACCOUNT106,Account_106,8/27/2025,Open,Medium,,0
C-000741,ACCOUNT106,Account_106,8/23/2025,In Progress,Medium,,0
C-000742,ACCOUNT106,Account_106,8/19/2025,Open,High,,0
C-000743,ACCOUNT107,Account_107,8/13/2025,In Progress,Medium,,0
C-000744,ACCOUNT107,Account_107,8/19/2025,Open,Medium,,0
C-000745,ACCOUNT107,Account_107,8/22/2025,Open,Low,,0
C-000746,ACCOUNT107,Account_107,8/19/2025,In Progress,Low,,0
C-000747,ACCOUNT107,Account_107,8/28/2025,Open,Medium,,0
C-000748,ACCOUNT107,Account_107,8/23/2025,Open,High,,0
C-000749,ACCOUNT107,Account_107,9/1/2025,Closed,Medium,40,0
C-000750,ACCOUNT107,Account_107,7/15/2025,Closed,Low,2,0
C-000751,ACCOUNT107,Account_107,7/25/2025,Closed,Medium,13,0
C-000752,ACCOUNT107,Account_107,9/8/2025,Closed,Low,33,0
C-000753,ACCOUNT108,Account_108,8/24/2025,In Progress,Critical,,0
C-000754,ACCOUNT108,Account_108,8/7/2025,Open,Medium,,0
C-000755,ACCOUNT108,Account_108,8/22/2025,Open,High,,1
C-000756,ACCOUNT108,Account_108,9/2/2025,In Progress,High,,0
C-000757,ACCOUNT108,Account_108,8/28/2025,Open,High,,0
C-000758,ACCOUNT109,Account_109,9/3/2025,Open,High,,0
C-000759,ACCOUNT109,Account_109,9/17/2025,In Progress,Medium,,0
C-000760,ACCOUNT109,Account_109,9/15/2025,In Progress,Medium,,0
C-000761,ACCOUNT109,Account_109,9/18/2025,In Progress,Medium,,0
C-000762,ACCOUNT109,Account_109,9/14/2025,Open,Critical,,0
C-000763,ACCOUNT109,Account_109,9/3/2025,Open,Medium,,0
C-000764,ACCOUNT110,Account_110,8/26/2025,In Progress,Critical,,0
C-000765,ACCOUNT110,Account_110,8/20/2025,Open,Low,,0
C-000766,ACCOUNT110,Account_110,8/8/2025,In Progress,High,,0
C-000767,ACCOUNT110,Account_110,8/17/2025,Open,Low,,0
C-000768,ACCOUNT111,Account_111,9/10/2025,Open,Critical,,0
C-000769,ACCOUNT111,Account_111,8/5/2025,Open,Medium,,0
C-000770,ACCOUNT111,Account_111,9/12/2025,Open,High,,0
C-000771,ACCOUNT111,Account_111,8/8/2025,In Progress,Medium,,0
C-000772,ACCOUNT111,Account_111,9/8/2025,Open,Low,,0
C-000773,ACCOUNT111,Account_111,9/7/2025,In Progress,High,,1
C-000774,ACCOUNT111,Account_111,8/6/2025,In Progress,Medium,,0
C-000775,ACCOUNT111,Account_111,8/23/2025,Open,Medium,,0
C-000776,ACCOUNT111,Account_111,8/31/2025,Closed,Medium,29,0
C-000777,ACCOUNT111,Account_111,8/29/2025,Closed,High,3,0
C-000778,ACCOUNT111,Account_111,8/14/2025,Closed,High,2,1
C-000779,ACCOUNT112,Account_112,8/22/2025,Open,Medium,,0
C-000780,ACCOUNT112,Account_112,9/16/2025,Open,Medium,,0
C-000781,ACCOUNT112,Account_112,6/22/2025,Closed,Medium,52,0
C-000782,ACCOUNT112,Account_112,8/6/2025,Closed,Low,33,0
C-000783,ACCOUNT112,Account_112,6/25/2025,Closed,Medium,2,0
C-000784,ACCOUNT112,Account_112,7/31/2025,Closed,Low,43,0
C-000785,ACCOUNT113,Account_113,8/7/2025,Open,High,,1
C-000786,ACCOUNT113,Account_113,9/1/2025,Open,Low,,0
C-000787,ACCOUNT113,Account_113,9/13/2025,In Progress,High,,0
C-000788,ACCOUNT113,Account_113,9/2/2025,Closed,Critical,7,0
C-000789,ACCOUNT113,Account_113,8/7/2025,Closed,Low,20,0
C-000790,ACCOUNT113,Account_113,8/19/2025,Closed,High,9,0
C-000791,ACCOUNT113,Account_113,6/30/2025,Closed,Low,6,0
C-000792,ACCOUNT114,Account_114,9/4/2025,Open,High,,0
C-000793,ACCOUNT114,Account_114,8/21/2025,In Progress,High,,1
C-000794,ACCOUNT114,Account_114,8/18/2025,Open,High,,1
C-000795,ACCOUNT114,Account_114,8/21/2025,Open,Low,,0
C-000796,ACCOUNT114,Account_114,8/11/2025,Open,Critical,,0
C-000797,ACCOUNT114,Account_114,9/14/2025,In Progress,Medium,,0
C-000798,ACCOUNT114,Account_114,7/25/2025,Closed,Low,36,0
C-000799,ACCOUNT114,Account_114,8/13/2025,Closed,Low,18,0
C-000800,ACCOUNT115,Account_115,8/5/2025,In Progress,Medium,,0
C-000801,ACCOUNT115,Account_115,9/12/2025,Open,High,,0
C-000802,ACCOUNT115,Account_115,8/24/2025,Open,High,,0
C-000803,ACCOUNT115,Account_115,9/9/2025,Open,Medium,,0
C-000804,ACCOUNT115,Account_115,8/31/2025,In Progress,Low,,0
C-000805,ACCOUNT115,Account_115,8/9/2025,In Progress,High,,0
C-000806,ACCOUNT115,Account_115,8/12/2025,Open,Low,,0
C-000807,ACCOUNT115,Account_115,8/7/2025,Open,High,,0
C-000808,ACCOUNT115,Account_115,9/8/2025,In Progress,High,,1
C-000809,ACCOUNT115,Account_115,9/12/2025,Open,Medium,,0
C-000810,ACCOUNT115,Account_115,7/17/2025,Closed,Medium,48,0
C-000811,ACCOUNT115,Account_115,7/15/2025,Closed,Medium,20,0
C-000812,ACCOUNT115,Account_115,7/31/2025,Closed,Low,7,0
C-000813,ACCOUNT116,Account_116,8/15/2025,In Progress,High,,0
C-000814,ACCOUNT116,Account_116,8/12/2025,Open,Medium,,0
C-000815,ACCOUNT116,Account_116,8/27/2025,Open,Medium,,0
C-000816,ACCOUNT116,Account_116,9/12/2025,In Progress,Low,,0
C-000817,ACCOUNT116,Account_116,8/20/2025,Open,Medium,,0
C-000818,ACCOUNT116,Account_116,8/17/2025,Open,Low,,0
C-000819,ACCOUNT116,Account_116,8/30/2025,Closed,Low,40,0
C-000820,ACCOUNT116,Account_116,8/31/2025,Closed,Medium,18,0
C-000821,ACCOUNT117,Account_117,9/17/2025,In Progress,Medium,,0
C-000822,ACCOUNT117,Account_117,9/3/2025,Open,Low,,0
C-000823,ACCOUNT117,Account_117,8/17/2025,Open,Low,,0
C-000824,ACCOUNT117,Account_117,8/6/2025,In Progress,Medium,,0
C-000825,ACCOUNT117,Account_117,8/22/2025,Open,Low,,0
C-000826,ACCOUNT117,Account_117,9/8/2025,Open,High,,0
C-000827,ACCOUNT117,Account_117,8/11/2025,Open,High,,0
C-000828,ACCOUNT117,Account_117,8/18/2025,Open,Low,,0
C-000829,ACCOUNT117,Account_117,8/6/2025,In Progress,Medium,,0
C-000830,ACCOUNT117,Account_117,8/9/2025,Open,Low,,0
C-000831,ACCOUNT117,Account_117,6/28/2025,Closed,High,79,0
C-000832,ACCOUNT117,Account_117,8/15/2025,Closed,Medium,10,0
C-000833,ACCOUNT117,Account_117,8/28/2025,Closed,Medium,34,0
C-000834,ACCOUNT117,Account_117,7/21/2025,Closed,High,9,0
C-000835,ACCOUNT118,Account_118,9/13/2025,Open,High,,0
C-000836,ACCOUNT118,Account_118,8/7/2025,Open,Medium,,0
C-000837,ACCOUNT118,Account_118,8/20/2025,Closed,Low,2,0
C-000838,ACCOUNT119,Account_119,9/2/2025,In Progress,High,,1
C-000839,ACCOUNT119,Account_119,9/17/2025,Open,Low,,0
C-000840,ACCOUNT119,Account_119,8/6/2025,In Progress,Medium,,0
C-000841,ACCOUNT119,Account_119,9/3/2025,Open,High,,1
C-000842,ACCOUNT119,Account_119,9/7/2025,In Progress,Medium,,0
C-000843,ACCOUNT119,Account_119,8/21/2025,In Progress,Medium,,0
C-000844,ACCOUNT119,Account_119,8/18/2025,Open,Medium,,0
C-000845,ACCOUNT119,Account_119,9/16/2025,Open,Medium,,0
C-000846,ACCOUNT119,Account_119,9/15/2025,Open,High,,0
C-000847,ACCOUNT119,Account_119,7/23/2025,Closed,Critical,36,0
C-000848,ACCOUNT120,Account_120,8/25/2025,Open,Low,,0
C-000849,ACCOUNT120,Account_120,8/22/2025,Open,Low,,0
C-000850,ACCOUNT120,Account_120,9/11/2025,Open,High,,1
C-000851,ACCOUNT120,Account_120,8/23/2025,In Progress,Medium,,0
C-000852,ACCOUNT120,Account_120,9/1/2025,Open,Medium,,0
C-000853,ACCOUNT120,Account_120,9/16/2025,In Progress,Medium,,0
C-000854,ACCOUNT120,Account_120,9/18/2025,Open,Low,,0
C-000855,ACCOUNT120,Account_120,8/29/2025,Open,High,,0
C-000856,ACCOUNT120,Account_120,8/27/2025,In Progress,Critical,,0
C-000857,ACCOUNT121,Account_121,8/13/2025,Open,Medium,,0
C-000858,ACCOUNT121,Account_121,9/18/2025,Open,High,,0
C-000859,ACCOUNT121,Account_121,8/22/2025,In Progress,Low,,0
C-000860,ACCOUNT121,Account_121,8/20/2025,Open,High,,1
C-000861,ACCOUNT121,Account_121,7/20/2025,Closed,High,23,0
C-000862,ACCOUNT121,Account_121,7/21/2025,Closed,Medium,2,0
C-000863,ACCOUNT121,Account_121,8/17/2025,Closed,Medium,48,0
C-000864,ACCOUNT121,Account_121,8/10/2025,Closed,Critical,2,1
C-000865,ACCOUNT122,Account_122,8/25/2025,Open,Low,,0
C-000866,ACCOUNT122,Account_122,8/6/2025,In Progress,High,,0
C-000867,ACCOUNT122,Account_122,9/12/2025,In Progress,Medium,,0
C-000868,ACCOUNT122,Account_122,9/15/2025,Open,Low,,0
C-000869,ACCOUNT122,Account_122,8/8/2025,In Progress,High,,1
C-000870,ACCOUNT122,Account_122,9/13/2025,In Progress,Low,,0
C-000871,ACCOUNT122,Account_122,8/25/2025,Closed,Medium,90,0
C-000872,ACCOUNT123,Account_123,8/20/2025,In Progress,Medium,,0
C-000873,ACCOUNT123,Account_123,8/11/2025,In Progress,Medium,,0
C-000874,ACCOUNT123,Account_123,9/14/2025,Open,Medium,,0
C-000875,ACCOUNT123,Account_123,9/9/2025,Open,Low,,0
C-000876,ACCOUNT123,Account_123,8/28/2025,In Progress,Low,,0
C-000877,ACCOUNT123,Account_123,8/17/2025,In Progress,High,,1
C-000878,ACCOUNT123,Account_123,8/26/2025,Open,Medium,,0
C-000879,ACCOUNT123,Account_123,9/2/2025,In Progress,Medium,,0
C-000880,ACCOUNT123,Account_123,8/28/2025,Closed,Low,2,0
C-000881,ACCOUNT124,Account_124,8/4/2025,Closed,High,37,0
C-000882,ACCOUNT124,Account_124,8/16/2025,Closed,High,4,0
C-000883,ACCOUNT124,Account_124,7/2/2025,Closed,Medium,16,0
C-000884,ACCOUNT124,Account_124,6/30/2025,Closed,Low,22,0
C-000885,ACCOUNT125,Account_125,9/15/2025,Open,High,,0
C-000886,ACCOUNT125,Account_125,8/10/2025,Open,Medium,,0
C-000887,ACCOUNT125,Account_125,8/17/2025,Open,Medium,,0
C-000888,ACCOUNT125,Account_125,9/5/2025,Open,Medium,,0
C-000889,ACCOUNT125,Account_125,6/25/2025,Closed,Low,6,0
C-000890,ACCOUNT125,Account_125,9/10/2025,Closed,Medium,30,0
C-000891,ACCOUNT126,Account_126,8/14/2025,In Progress,High,,1
C-000892,ACCOUNT126,Account_126,9/13/2025,Open,Critical,,0
C-000893,ACCOUNT126,Account_126,8/5/2025,In Progress,High,,0
C-000894,ACCOUNT126,Account_126,9/3/2025,In Progress,Medium,,0
C-000895,ACCOUNT126,Account_126,7/20/2025,Closed,Medium,43,0
C-000896,ACCOUNT126,Account_126,8/23/2025,Closed,High,64,0
C-000897,ACCOUNT126,Account_126,7/4/2025,Closed,Medium,29,0
C-000898,ACCOUNT126,Account_126,8/11/2025,Closed,High,8,0
C-000899,ACCOUNT127,Account_127,8/10/2025,Open,Low,,0
C-000900,ACCOUNT127,Account_127,8/8/2025,Open,Medium,,0
C-000901,ACCOUNT127,Account_127,9/12/2025,Open,Medium,,0
C-000902,ACCOUNT127,Account_127,7/13/2025,Closed,Medium,6,0
C-000903,ACCOUNT127,Account_127,8/29/2025,Closed,Medium,4,0
C-000904,ACCOUNT128,Account_128,9/16/2025,In Progress,Low,,0
C-000905,ACCOUNT128,Account_128,8/16/2025,Open,Medium,,0
C-000906,ACCOUNT128,Account_128,9/18/2025,Open,Critical,,0
C-000907,ACCOUNT128,Account_128,8/28/2025,Open,Critical,,1
C-000908,ACCOUNT128,Account_128,8/27/2025,Open,Medium,,0
C-000909,ACCOUNT128,Account_128,8/16/2025,Open,Critical,,0
C-000910,ACCOUNT128,Account_128,9/9/2025,Closed,Low,30,0
C-000911,ACCOUNT128,Account_128,7/20/2025,Closed,Medium,24,0
C-000912,ACCOUNT128,Account_128,8/13/2025,Closed,Medium,9,0
C-000913,ACCOUNT129,Account_129,8/6/2025,In Progress,High,,0
C-000914,ACCOUNT129,Account_129,8/28/2025,In Progress,Medium,,0
C-000915,ACCOUNT129,Account_129,9/11/2025,Open,Medium,,0
C-000916,ACCOUNT129,Account_129,8/30/2025,Open,Medium,,0
C-000917,ACCOUNT129,Account_129,8/23/2025,In Progress,High,,1
C-000918,ACCOUNT129,Account_129,8/22/2025,Open,Medium,,0
C-000919,ACCOUNT129,Account_129,8/9/2025,Open,Medium,,0
C-000920,ACCOUNT129,Account_129,8/9/2025,In Progress,Low,,0
C-000921,ACCOUNT129,Account_129,9/4/2025,In Progress,Medium,,0
C-000922,ACCOUNT130,Account_130,9/15/2025,Open,High,,1
C-000923,ACCOUNT130,Account_130,9/17/2025,Open,Low,,0
C-000924,ACCOUNT130,Account_130,9/4/2025,Open,Medium,,0
C-000925,ACCOUNT130,Account_130,9/6/2025,Open,Low,,0
C-000926,ACCOUNT130,Account_130,8/10/2025,Open,Medium,,0
C-000927,ACCOUNT130,Account_130,8/30/2025,Open,Medium,,0
C-000928,ACCOUNT130,Account_130,9/17/2025,Open,Low,,0
C-000929,ACCOUNT130,Account_130,8/12/2025,Open,Medium,,0
C-000930,ACCOUNT130,Account_130,9/15/2025,Open,Medium,,0
C-000931,ACCOUNT130,Account_130,6/30/2025,Closed,High,2,0
C-000932,ACCOUNT130,Account_130,8/12/2025,Closed,Medium,3,0
C-000933,ACCOUNT130,Account_130,9/5/2025,Closed,High,19,0
C-000934,ACCOUNT130,Account_130,7/28/2025,Closed,Medium,55,0
C-000935,ACCOUNT131,Account_131,8/13/2025,Open,Medium,,0
C-000936,ACCOUNT131,Account_131,9/5/2025,Open,Low,,0
C-000937,ACCOUNT131,Account_131,8/23/2025,Open,Medium,,0
C-000938,ACCOUNT131,Account_131,9/7/2025,Open,Medium,,0
C-000939,ACCOUNT131,Account_131,9/15/2025,Open,Low,,0
C-000940,ACCOUNT131,Account_131,9/12/2025,In Progress,High,,0
C-000941,ACCOUNT131,Account_131,8/27/2025,Open,Medium,,0
C-000942,ACCOUNT131,Account_131,8/7/2025,In Progress,High,,0
C-000943,ACCOUNT131,Account_131,9/16/2025,In Progress,Medium,,0
C-000944,ACCOUNT131,Account_131,8/31/2025,Open,Medium,,0
C-000945,ACCOUNT131,Account_131,8/29/2025,Closed,Low,2,0
C-000946,ACCOUNT131,Account_131,8/10/2025,Closed,Low,33,0
C-000947,ACCOUNT131,Account_131,7/27/2025,Closed,Medium,7,0
C-000948,ACCOUNT132,Account_132,9/16/2025,Open,Medium,,0
C-000949,ACCOUNT132,Account_132,9/11/2025,Open,Medium,,0
C-000950,ACCOUNT132,Account_132,9/5/2025,In Progress,High,,1
C-000951,ACCOUNT132,Account_132,8/10/2025,In Progress,High,,0
C-000952,ACCOUNT132,Account_132,9/4/2025,Open,Medium,,0
C-000953,ACCOUNT132,Account_132,7/5/2025,Closed,Low,13,0
C-000954,ACCOUNT132,Account_132,9/11/2025,Closed,Medium,6,0
C-000955,ACCOUNT132,Account_132,7/31/2025,Closed,High,12,0
C-000956,ACCOUNT133,Account_133,8/16/2025,Open,High,,0
C-000957,ACCOUNT133,Account_133,8/5/2025,Open,Medium,,0
C-000958,ACCOUNT133,Account_133,8/25/2025,Open,Medium,,0
C-000959,ACCOUNT133,Account_133,8/14/2025,Open,High,,1
C-000960,ACCOUNT133,Account_133,8/18/2025,Open,Medium,,0
C-000961,ACCOUNT133,Account_133,8/8/2025,Open,Medium,,0
C-000962,ACCOUNT133,Account_133,9/8/2025,In Progress,Medium,,0
C-000963,ACCOUNT133,Account_133,7/22/2025,Closed,Critical,15,1
C-000964,ACCOUNT133,Account_133,6/23/2025,Closed,Medium,2,0
C-000965,ACCOUNT133,Account_133,9/2/2025,Closed,Medium,6,0
C-000966,ACCOUNT134,Account_134,9/9/2025,In Progress,High,,0
C-000967,ACCOUNT134,Account_134,9/13/2025,In Progress,Low,,0
C-000968,ACCOUNT134,Account_134,8/9/2025,In Progress,Medium,,0
C-000969,ACCOUNT134,Account_134,8/5/2025,In Progress,High,,0
C-000970,ACCOUNT134,Account_134,8/11/2025,Open,Low,,0
C-000971,ACCOUNT134,Account_134,8/22/2025,In Progress,Medium,,0
C-000972,ACCOUNT134,Account_134,8/28/2025,Open,Critical,,1
C-000973,ACCOUNT134,Account_134,7/11/2025,Closed,Medium,9,0
C-000974,ACCOUNT135,Account_135,9/10/2025,Open,High,,0
C-000975,ACCOUNT135,Account_135,9/8/2025,In Progress,Low,,0
C-000976,ACCOUNT135,Account_135,8/9/2025,In Progress,High,,0
C-000977,ACCOUNT135,Account_135,8/7/2025,Open,Medium,,0
C-000978,ACCOUNT135,Account_135,8/21/2025,Open,Medium,,0
C-000979,ACCOUNT135,Account_135,8/12/2025,In Progress,High,,0
C-000980,ACCOUNT135,Account_135,8/8/2025,In Progress,High,,0
C-000981,ACCOUNT135,Account_135,8/19/2025,Closed,Medium,12,0
C-000982,ACCOUNT136,Account_136,9/13/2025,In Progress,Medium,,0
C-000983,ACCOUNT136,Account_136,8/13/2025,Open,Medium,,0
C-000984,ACCOUNT136,Account_136,9/6/2025,In Progress,Low,,0
C-000985,ACCOUNT136,Account_136,9/12/2025,In Progress,Low,,0
C-000986,ACCOUNT136,Account_136,9/15/2025,Open,Medium,,0
C-000987,ACCOUNT136,Account_136,8/21/2025,In Progress,Medium,,0
C-000988,ACCOUNT136,Account_136,9/9/2025,Open,Low,,0
C-000989,ACCOUNT136,Account_136,8/13/2025,Open,High,,0
C-000990,ACCOUNT136,Account_136,9/5/2025,Open,Low,,0
C-000991,ACCOUNT136,Account_136,8/20/2025,Open,Medium,,0
C-000992,ACCOUNT136,Account_136,7/12/2025,Closed,High,10,0
C-000993,ACCOUNT136,Account_136,9/13/2025,Closed,Medium,83,0
C-000994,ACCOUNT137,Account_137,8/16/2025,In Progress,High,,0
C-000995,ACCOUNT137,Account_137,9/9/2025,In Progress,Medium,,0
C-000996,ACCOUNT137,Account_137,9/6/2025,Open,High,,1
C-000997,ACCOUNT137,Account_137,9/1/2025,Closed,Low,26,0
C-000998,ACCOUNT137,Account_137,7/4/2025,Closed,Low,9,0
C-000999,ACCOUNT137,Account_137,8/12/2025,Closed,Medium,46,0
C-001000,ACCOUNT138,Account_138,8/11/2025,Open,Low,,0
C-001001,ACCOUNT138,Account_138,8/7/2025,Open,Low,,0
C-001002,ACCOUNT138,Account_138,8/12/2025,In Progress,Medium,,0
C-001003,ACCOUNT138,Account_138,9/6/2025,In Progress,Medium,,0
C-001004,ACCOUNT138,Account_138,8/9/2025,In Progress,Medium,,0
C-001005,ACCOUNT138,Account_138,8/8/2025,In Progress,Medium,,0
C-001006,ACCOUNT138,Account_138,8/29/2025,Open,Low,,0
C-001007,ACCOUNT138,Account_138,9/10/2025,Open,High,,1
C-001008,ACCOUNT139,Account_139,9/9/2025,In Progress,Low,,0
C-001009,ACCOUNT139,Account_139,8/19/2025,Open,Medium,,0
C-001010,ACCOUNT139,Account_139,8/10/2025,Open,Low,,0
C-001011,ACCOUNT139,Account_139,9/11/2025,Open,Medium,,0
C-001012,ACCOUNT139,Account_139,9/6/2025,In Progress,Medium,,0
C-001013,ACCOUNT139,Account_139,8/25/2025,In Progress,High,,1
C-001014,ACCOUNT139,Account_139,8/31/2025,In Progress,Critical,,0
C-001015,ACCOUNT139,Account_139,7/29/2025,Closed,Critical,22,0
C-001016,ACCOUNT139,Account_139,8/11/2025,Closed,Low,2,0
C-001017,ACCOUNT139,Account_139,9/2/2025,Closed,High,31,0
C-001018,ACCOUNT139,Account_139,7/4/2025,Closed,High,21,1
C-001019,ACCOUNT140,Account_140,8/27/2025,Open,High,,0
C-001020,ACCOUNT140,Account_140,8/21/2025,Open,Medium,,0
C-001021,ACCOUNT140,Account_140,7/3/2025,Closed,Low,31,0
C-001022,ACCOUNT140,Account_140,6/30/2025,Closed,Low,36,0
C-001023,ACCOUNT141,Account_141,8/21/2025,Open,Low,,0
C-001024,ACCOUNT141,Account_141,9/7/2025,Open,Low,,0
C-001025,ACCOUNT141,Account_141,8/31/2025,Open,Medium,,0
C-001026,ACCOUNT141,Account_141,9/1/2025,In Progress,Medium,,0
C-001027,ACCOUNT141,Account_141,8/19/2025,Open,High,,0
C-001028,ACCOUNT141,Account_141,8/8/2025,Open,Low,,0
C-001029,ACCOUNT141,Account_141,8/18/2025,Open,High,,0
C-001030,ACCOUNT141,Account_141,8/30/2025,Open,High,,1
C-001031,ACCOUNT141,Account_141,8/9/2025,Open,High,,1
C-001032,ACCOUNT141,Account_141,9/13/2025,In Progress,Medium,,0
C-001033,ACCOUNT141,Account_141,7/2/2025,Closed,High,30,0
C-001034,ACCOUNT141,Account_141,9/3/2025,Closed,High,4,0
C-001035,ACCOUNT141,Account_141,7/29/2025,Closed,Medium,93,0
C-001036,ACCOUNT141,Account_141,8/31/2025,Closed,Medium,7,0
C-001037,ACCOUNT142,Account_142,8/15/2025,In Progress,Low,,0
C-001038,ACCOUNT143,Account_143,8/26/2025,Open,Medium,,0
C-001039,ACCOUNT143,Account_143,9/10/2025,In Progress,Low,,0
C-001040,ACCOUNT143,Account_143,8/22/2025,Open,High,,0
C-001041,ACCOUNT143,Account_143,8/29/2025,Open,High,,0
C-001042,ACCOUNT143,Account_143,9/12/2025,Closed,High,38,0
C-001043,ACCOUNT143,Account_143,8/30/2025,Closed,Medium,14,0
C-001044,ACCOUNT143,Account_143,7/17/2025,Closed,Low,4,0
C-001045,ACCOUNT144,Account_144,8/18/2025,Open,High,,0
C-001046,ACCOUNT144,Account_144,9/10/2025,Open,High,,1
C-001047,ACCOUNT144,Account_144,9/16/2025,Open,Low,,0
C-001048,ACCOUNT144,Account_144,8/20/2025,In Progress,Low,,0
C-001049,ACCOUNT144,Account_144,9/2/2025,Open,Medium,,0
C-001050,ACCOUNT144,Account_144,9/17/2025,In Progress,Medium,,0
C-001051,ACCOUNT144,Account_144,8/7/2025,Open,Medium,,0
C-001052,ACCOUNT144,Account_144,8/26/2025,In Progress,Medium,,0
C-001053,ACCOUNT144,Account_144,8/16/2025,Closed,Medium,8,0
C-001054,ACCOUNT145,Account_145,8/27/2025,In Progress,High,,0
C-001055,ACCOUNT145,Account_145,8/30/2025,In Progress,Low,,0
C-001056,ACCOUNT145,Account_145,9/10/2025,Open,Medium,,0
C-001057,ACCOUNT145,Account_145,8/10/2025,Open,Low,,0
C-001058,ACCOUNT145,Account_145,8/13/2025,In Progress,Medium,,0
C-001059,ACCOUNT145,Account_145,8/16/2025,Open,High,,0
C-001060,ACCOUNT145,Account_145,8/15/2025,Open,High,,0
C-001061,ACCOUNT145,Account_145,9/4/2025,In Progress,Medium,,0
C-001062,ACCOUNT145,Account_145,8/19/2025,Open,Medium,,0
C-001063,ACCOUNT145,Account_145,8/9/2025,Open,High,,0
C-001064,ACCOUNT145,Account_145,8/24/2025,Closed,High,63,0
C-001065,ACCOUNT145,Account_145,8/18/2025,Closed,Low,16,0
C-001066,ACCOUNT145,Account_145,9/11/2025,Closed,High,7,0
C-001067,ACCOUNT146,Account_146,8/8/2025,Open,High,,0
C-001068,ACCOUNT146,Account_146,8/15/2025,Open,High,,1
C-001069,ACCOUNT146,Account_146,8/10/2025,Open,High,,1
C-001070,ACCOUNT146,Account_146,8/19/2025,In Progress,Critical,,1
C-001071,ACCOUNT146,Account_146,9/16/2025,Open,Medium,,0
C-001072,ACCOUNT146,Account_146,8/23/2025,In Progress,Medium,,0
C-001073,ACCOUNT146,Account_146,9/10/2025,In Progress,Medium,,0
C-001074,ACCOUNT146,Account_146,9/7/2025,Open,Low,,0
C-001075,ACCOUNT146,Account_146,9/3/2025,Open,Low,,0
C-001076,ACCOUNT146,Account_146,9/3/2025,In Progress,Medium,,0
C-001077,ACCOUNT146,Account_146,6/26/2025,Closed,Low,53,0
C-001078,ACCOUNT146,Account_146,8/2/2025,Closed,Medium,16,0
C-001079,ACCOUNT147,Account_147,9/17/2025,Open,Medium,,0
C-001080,ACCOUNT147,Account_147,8/15/2025,In Progress,Medium,,0
C-001081,ACCOUNT147,Account_147,8/17/2025,Open,High,,0
C-001082,ACCOUNT147,Account_147,9/12/2025,In Progress,Critical,,0
C-001083,ACCOUNT147,Account_147,8/5/2025,Open,High,,0
C-001084,ACCOUNT147,Account_147,9/2/2025,In Progress,Medium,,0
C-001085,ACCOUNT147,Account_147,8/14/2025,In Progress,Critical,,1
C-001086,ACCOUNT147,Account_147,8/23/2025,Open,Medium,,0
C-001087,ACCOUNT147,Account_147,9/10/2025,Open,High,,0
C-001088,ACCOUNT148,Account_148,9/5/2025,Open,Low,,0
C-001089,ACCOUNT148,Account_148,9/7/2025,Open,High,,1
C-001090,ACCOUNT148,Account_148,9/6/2025,In Progress,High,,0
C-001091,ACCOUNT148,Account_148,8/29/2025,Open,High,,0
C-001092,ACCOUNT148,Account_148,9/12/2025,In Progress,Low,,0
C-001093,ACCOUNT148,Account_148,8/27/2025,Closed,Medium,12,0
C-001094,ACCOUNT148,Account_148,7/7/2025,Closed,Low,17,0
C-001095,ACCOUNT148,Account_148,7/14/2025,Closed,High,9,1
C-001096,ACCOUNT148,Account_148,9/9/2025,Closed,High,95,0
C-001097,ACCOUNT149,Account_149,8/15/2025,Open,Medium,,0
C-001098,ACCOUNT149,Account_149,7/29/2025,Closed,Medium,30,0
C-001099,ACCOUNT150,Account_150,9/11/2025,In Progress,Medium,,0
C-001100,ACCOUNT150,Account_150,8/14/2025,Open,Medium,,0
C-001101,ACCOUNT150,Account_150,8/19/2025,In Progress,Medium,,0
C-001102,ACCOUNT151,Account_151,9/18/2025,Open,High,,1
C-001103,ACCOUNT151,Account_151,8/17/2025,Open,High,,0
C-001104,ACCOUNT151,Account_151,9/14/2025,In Progress,High,,0
C-001105,ACCOUNT151,Account_151,9/14/2025,In Progress,High,,1
C-001106,ACCOUNT151,Account_151,8/23/2025,Open,Low,,0
C-001107,ACCOUNT151,Account_151,8/24/2025,Open,Low,,0
C-001108,ACCOUNT151,Account_151,8/11/2025,In Progress,Critical,,1
C-001109,ACCOUNT151,Account_151,8/29/2025,Open,Low,,0
C-001110,ACCOUNT151,Account_151,9/5/2025,Open,Critical,,1
C-001111,ACCOUNT151,Account_151,8/14/2025,Open,High,,0
C-001112,ACCOUNT151,Account_151,6/23/2025,Closed,High,71,0
C-001113,ACCOUNT151,Account_151,9/2/2025,Closed,Low,2,0
C-001114,ACCOUNT151,Account_151,8/25/2025,Closed,Medium,52,0
C-001115,ACCOUNT151,Account_151,8/14/2025,Closed,Low,34,0
C-001116,ACCOUNT152,Account_152,8/30/2025,Open,Medium,,0
C-001117,ACCOUNT152,Account_152,9/1/2025,Open,Medium,,0
C-001118,ACCOUNT152,Account_152,8/18/2025,Open,Medium,,0
C-001119,ACCOUNT152,Account_152,8/9/2025,In Progress,Medium,,0
C-001120,ACCOUNT153,Account_153,8/15/2025,Open,High,,1
C-001121,ACCOUNT153,Account_153,9/11/2025,Open,High,,0
C-001122,ACCOUNT153,Account_153,9/1/2025,Open,Low,,0
C-001123,ACCOUNT153,Account_153,7/6/2025,Closed,Medium,9,0
C-001124,ACCOUNT153,Account_153,9/13/2025,Closed,High,6,1
C-001125,ACCOUNT153,Account_153,9/1/2025,Closed,High,13,0
C-001126,ACCOUNT153,Account_153,7/1/2025,Closed,Low,7,0
C-001127,ACCOUNT154,Account_154,8/31/2025,In Progress,Low,,0
C-001128,ACCOUNT154,Account_154,8/8/2025,Open,Low,,0
C-001129,ACCOUNT154,Account_154,8/31/2025,Open,Critical,,0
C-001130,ACCOUNT154,Account_154,6/27/2025,Closed,Low,22,0
C-001131,ACCOUNT154,Account_154,8/1/2025,Closed,High,23,0
C-001132,ACCOUNT154,Account_154,9/7/2025,Closed,Low,2,0
C-001133,ACCOUNT155,Account_155,9/4/2025,In Progress,Medium,,0
C-001134,ACCOUNT155,Account_155,9/18/2025,In Progress,Low,,0
C-001135,ACCOUNT156,Account_156,7/7/2025,Closed,Medium,47,0
C-001136,ACCOUNT156,Account_156,7/6/2025,Closed,Low,2,0
C-001137,ACCOUNT156,Account_156,9/6/2025,Closed,Medium,75,0
C-001138,ACCOUNT156,Account_156,7/19/2025,Closed,Low,4,0
C-001139,ACCOUNT157,Account_157,7/31/2025,Closed,Low,26,0
C-001140,ACCOUNT157,Account_157,8/24/2025,Closed,High,9,0
C-001141,ACCOUNT158,Account_158,9/17/2025,Open,Medium,,0
C-001142,ACCOUNT158,Account_158,9/8/2025,In Progress,Low,,0
C-001143,ACCOUNT158,Account_158,9/10/2025,In Progress,Critical,,0
C-001144,ACCOUNT159,Account_159,8/19/2025,Open,Medium,,0
C-001145,ACCOUNT159,Account_159,8/10/2025,Open,Critical,,1
C-001146,ACCOUNT159,Account_159,9/4/2025,In Progress,Medium,,0
C-001147,ACCOUNT159,Account_159,9/1/2025,Open,High,,0
C-001148,ACCOUNT159,Account_159,8/19/2025,In Progress,Low,,0
C-001149,ACCOUNT159,Account_159,8/6/2025,Open,Low,,0
C-001150,ACCOUNT159,Account_159,9/9/2025,Open,High,,1
C-001151,ACCOUNT159,Account_159,8/26/2025,Closed,Medium,12,0
C-001152,ACCOUNT159,Account_159,7/17/2025,Closed,Low,8,0
C-001153,ACCOUNT159,Account_159,8/23/2025,Closed,Medium,54,0
C-001154,ACCOUNT159,Account_159,8/22/2025,Closed,Medium,12,0
C-001155,ACCOUNT160,Account_160,8/21/2025,In Progress,Low,,0
C-001156,ACCOUNT160,Account_160,9/13/2025,In Progress,Medium,,0
C-001157,ACCOUNT160,Account_160,8/24/2025,In Progress,Medium,,0
C-001158,ACCOUNT160,Account_160,8/9/2025,In Progress,High,,0
C-001159,ACCOUNT160,Account_160,8/25/2025,Open,Low,,0
C-001160,ACCOUNT160,Account_160,8/21/2025,In Progress,Medium,,0
C-001161,ACCOUNT160,Account_160,9/4/2025,In Progress,Medium,,0
C-001162,ACCOUNT160,Account_160,8/13/2025,Open,Low,,0
C-001163,ACCOUNT160,Account_160,8/24/2025,Open,High,,1
C-001164,ACCOUNT160,Account_160,7/16/2025,Closed,Low,42,0
C-001165,ACCOUNT161,Account_161,9/8/2025,Open,Medium,,0
C-001166,ACCOUNT161,Account_161,7/1/2025,Closed,Medium,6,0
C-001167,ACCOUNT161,Account_161,7/27/2025,Closed,Low,2,0
C-001168,ACCOUNT162,Account_162,9/11/2025,In Progress,Medium,,0
C-001169,ACCOUNT162,Account_162,8/28/2025,Open,High,,0
C-001170,ACCOUNT162,Account_162,9/10/2025,Open,High,,0
C-001171,ACCOUNT162,Account_162,9/16/2025,Open,Medium,,0
C-001172,ACCOUNT162,Account_162,8/20/2025,In Progress,Critical,,0
C-001173,ACCOUNT162,Account_162,8/30/2025,Open,Medium,,0
C-001174,ACCOUNT162,Account_162,8/27/2025,Open,High,,1
C-001175,ACCOUNT162,Account_162,7/21/2025,Closed,High,2,0
C-001176,ACCOUNT162,Account_162,7/13/2025,Closed,Medium,9,0
C-001177,ACCOUNT163,Account_163,9/4/2025,Open,Medium,,0
C-001178,ACCOUNT163,Account_163,8/17/2025,In Progress,Low,,0
C-001179,ACCOUNT163,Account_163,8/21/2025,In Progress,High,,1
C-001180,ACCOUNT163,Account_163,8/6/2025,In Progress,Low,,0
C-001181,ACCOUNT163,Account_163,8/8/2025,Open,Low,,0
C-001182,ACCOUNT163,Account_163,8/15/2025,Open,Medium,,0
C-001183,ACCOUNT163,Account_163,6/27/2025,Closed,Low,15,0
C-001184,ACCOUNT163,Account_163,7/5/2025,Closed,Low,70,0
C-001185,ACCOUNT164,Account_164,8/8/2025,Open,Medium,,0
C-001186,ACCOUNT164,Account_164,8/22/2025,Open,Medium,,0
C-001187,ACCOUNT164,Account_164,8/27/2025,Open,Low,,0
C-001188,ACCOUNT164,Account_164,9/5/2025,Open,High,,0
C-001189,ACCOUNT164,Account_164,9/4/2025,Open,Medium,,0
C-001190,ACCOUNT164,Account_164,8/20/2025,In Progress,Medium,,0
C-001191,ACCOUNT164,Account_164,8/14/2025,Open,Low,,0
C-001192,ACCOUNT164,Account_164,8/31/2025,Open,High,,0
C-001193,ACCOUNT164,Account_164,9/3/2025,Open,High,,1
C-001194,ACCOUNT164,Account_164,8/30/2025,Open,High,,0
C-001195,ACCOUNT164,Account_164,7/28/2025,Closed,High,15,0
C-001196,ACCOUNT164,Account_164,7/17/2025,Closed,Medium,22,0
C-001197,ACCOUNT164,Account_164,7/1/2025,Closed,High,14,1
C-001198,ACCOUNT164,Account_164,9/8/2025,Closed,Medium,35,0
C-001199,ACCOUNT165,Account_165,8/13/2025,Open,High,,0
C-001200,ACCOUNT165,Account_165,9/1/2025,In Progress,Medium,,0
C-001201,ACCOUNT165,Account_165,9/2/2025,Open,High,,1
C-001202,ACCOUNT165,Account_165,8/8/2025,In Progress,High,,0
C-001203,ACCOUNT165,Account_165,8/18/2025,Open,Low,,0
C-001204,ACCOUNT165,Account_165,8/30/2025,Open,High,,0
C-001205,ACCOUNT165,Account_165,8/8/2025,Open,Medium,,0
C-001206,ACCOUNT165,Account_165,8/25/2025,In Progress,Medium,,0
C-001207,ACCOUNT165,Account_165,9/11/2025,In Progress,Low,,0
C-001208,ACCOUNT165,Account_165,7/16/2025,Closed,Medium,4,0
C-001209,ACCOUNT165,Account_165,7/20/2025,Closed,High,11,1
C-001210,ACCOUNT165,Account_165,7/3/2025,Closed,Medium,2,0
C-001211,ACCOUNT166,Account_166,9/8/2025,Open,Medium,,0
C-001212,ACCOUNT166,Account_166,9/3/2025,Open,High,,1
C-001213,ACCOUNT166,Account_166,8/16/2025,In Progress,High,,1
C-001214,ACCOUNT166,Account_166,7/12/2025,Closed,Medium,20,0
C-001215,ACCOUNT167,Account_167,8/12/2025,Open,Low,,0
C-001216,ACCOUNT167,Account_167,8/12/2025,In Progress,Low,,0
C-001217,ACCOUNT167,Account_167,8/22/2025,Open,Critical,,1
C-001218,ACCOUNT167,Account_167,8/11/2025,Open,Medium,,0
C-001219,ACCOUNT167,Account_167,9/15/2025,Open,Low,,0
C-001220,ACCOUNT167,Account_167,8/11/2025,In Progress,Low,,0
C-001221,ACCOUNT167,Account_167,7/21/2025,Closed,High,48,1
C-001222,ACCOUNT167,Account_167,8/9/2025,Closed,Low,4,0
C-001223,ACCOUNT168,Account_168,9/4/2025,Open,Medium,,0
C-001224,ACCOUNT168,Account_168,8/27/2025,Open,Medium,,0
C-001225,ACCOUNT168,Account_168,8/20/2025,Open,Low,,0
C-001226,ACCOUNT168,Account_168,8/9/2025,Open,Low,,0
C-001227,ACCOUNT168,Account_168,8/28/2025,In Progress,High,,1
C-001228,ACCOUNT168,Account_168,9/2/2025,In Progress,Medium,,0
C-001229,ACCOUNT168,Account_168,9/10/2025,Open,Medium,,0
C-001230,ACCOUNT168,Account_168,7/27/2025,Closed,Medium,51,0
C-001231,ACCOUNT168,Account_168,9/11/2025,Closed,High,2,0
C-001232,ACCOUNT169,Account_169,9/13/2025,Open,Medium,,0
C-001233,ACCOUNT169,Account_169,8/20/2025,In Progress,Low,,0
C-001234,ACCOUNT169,Account_169,8/12/2025,Open,High,,1
C-001235,ACCOUNT169,Account_169,9/11/2025,Open,Low,,0
C-001236,ACCOUNT169,Account_169,8/26/2025,Open,Low,,0
C-001237,ACCOUNT169,Account_169,8/27/2025,Open,High,,1
C-001238,ACCOUNT169,Account_169,7/2/2025,Closed,Medium,44,0
C-001239,ACCOUNT169,Account_169,8/2/2025,Closed,Medium,34,0
C-001240,ACCOUNT170,Account_170,8/23/2025,In Progress,Medium,,0
C-001241,ACCOUNT170,Account_170,9/3/2025,In Progress,Low,,0
C-001242,ACCOUNT170,Account_170,9/5/2025,Open,Medium,,0
C-001243,ACCOUNT170,Account_170,7/15/2025,Closed,High,22,0
C-001244,ACCOUNT170,Account_170,7/20/2025,Closed,Medium,25,0
C-001245,ACCOUNT170,Account_170,7/21/2025,Closed,Medium,9,0
C-001246,ACCOUNT171,Account_171,9/12/2025,Open,High,,0
C-001247,ACCOUNT171,Account_171,9/2/2025,In Progress,Low,,0
C-001248,ACCOUNT171,Account_171,7/19/2025,Closed,Low,9,0
C-001249,ACCOUNT171,Account_171,7/19/2025,Closed,Low,13,0
C-001250,ACCOUNT171,Account_171,9/11/2025,Closed,High,12,1
C-001251,ACCOUNT171,Account_171,6/21/2025,Closed,High,2,0
C-001252,ACCOUNT172,Account_172,8/17/2025,Open,High,,1
C-001253,ACCOUNT172,Account_172,8/17/2025,In Progress,Medium,,0
C-001254,ACCOUNT172,Account_172,8/9/2025,Open,Low,,0
C-001255,ACCOUNT172,Account_172,8/23/2025,In Progress,Medium,,0
C-001256,ACCOUNT172,Account_172,9/5/2025,In Progress,Low,,0
C-001257,ACCOUNT172,Account_172,8/24/2025,Open,Medium,,0
C-001258,ACCOUNT172,Account_172,8/24/2025,In Progress,Low,,0
C-001259,ACCOUNT172,Account_172,9/14/2025,Open,High,,1
C-001260,ACCOUNT172,Account_172,9/17/2025,Open,Medium,,0
C-001261,ACCOUNT172,Account_172,8/5/2025,Open,High,,0
C-001262,ACCOUNT172,Account_172,8/6/2025,Closed,Low,17,0
C-001263,ACCOUNT172,Account_172,9/12/2025,Closed,Low,58,0
C-001264,ACCOUNT172,Account_172,7/19/2025,Closed,Low,10,0
C-001265,ACCOUNT172,Account_172,7/31/2025,Closed,High,7,0
C-001266,ACCOUNT173,Account_173,8/5/2025,Closed,Medium,4,0
C-001267,ACCOUNT173,Account_173,6/28/2025,Closed,Low,8,0
C-001268,ACCOUNT173,Account_173,6/23/2025,Closed,High,9,0
C-001269,ACCOUNT173,Account_173,7/3/2025,Closed,Medium,4,0
C-001270,ACCOUNT174,Account_174,9/13/2025,In Progress,Critical,,0
C-001271,ACCOUNT174,Account_174,7/23/2025,Closed,Critical,3,0
C-001272,ACCOUNT174,Account_174,8/26/2025,Closed,High,2,0
C-001273,ACCOUNT174,Account_174,9/13/2025,Closed,Medium,35,0
C-001274,ACCOUNT175,Account_175,8/29/2025,Open,Medium,,0
C-001275,ACCOUNT175,Account_175,8/30/2025,In Progress,Medium,,0
C-001276,ACCOUNT175,Account_175,9/15/2025,In Progress,High,,0
C-001277,ACCOUNT175,Account_175,8/17/2025,Open,Medium,,0
C-001278,ACCOUNT175,Account_175,8/30/2025,In Progress,Low,,0
C-001279,ACCOUNT175,Account_175,8/15/2025,Open,Low,,0
C-001280,ACCOUNT175,Account_175,9/11/2025,Closed,Medium,11,0
C-001281,ACCOUNT175,Account_175,8/14/2025,Closed,Medium,2,0
C-001282,ACCOUNT175,Account_175,8/7/2025,Closed,High,45,0
C-001283,ACCOUNT176,Account_176,8/25/2025,Open,Medium,,0
C-001284,ACCOUNT176,Account_176,8/21/2025,Open,High,,0
C-001285,ACCOUNT176,Account_176,8/31/2025,In Progress,Critical,,1
C-001286,ACCOUNT176,Account_176,9/13/2025,Closed,Medium,52,0
C-001287,ACCOUNT176,Account_176,7/19/2025,Closed,Low,34,0
C-001288,ACCOUNT176,Account_176,9/2/2025,Closed,Critical,6,1
C-001289,ACCOUNT176,Account_176,8/7/2025,Closed,Critical,59,1
C-001290,ACCOUNT177,Account_177,8/13/2025,In Progress,Low,,0
C-001291,ACCOUNT177,Account_177,8/21/2025,In Progress,Low,,0
C-001292,ACCOUNT177,Account_177,7/5/2025,Closed,High,6,0
C-001293,ACCOUNT178,Account_178,8/18/2025,Open,High,,1
C-001294,ACCOUNT178,Account_178,8/20/2025,In Progress,High,,1
C-001295,ACCOUNT178,Account_178,8/8/2025,Open,Low,,0
C-001296,ACCOUNT178,Account_178,8/18/2025,Open,Medium,,0
C-001297,ACCOUNT178,Account_178,8/22/2025,In Progress,Medium,,0
C-001298,ACCOUNT178,Account_178,9/15/2025,Open,Medium,,0
C-001299,ACCOUNT178,Account_178,8/6/2025,Open,Critical,,0
C-001300,ACCOUNT178,Account_178,8/30/2025,Open,High,,0
C-001301,ACCOUNT178,Account_178,6/30/2025,Closed,Medium,2,0
C-001302,ACCOUNT178,Account_178,8/14/2025,Closed,Low,34,0
C-001303,ACCOUNT178,Account_178,7/24/2025,Closed,Medium,63,0
C-001304,ACCOUNT179,Account_179,8/31/2025,Open,Low,,0
C-001305,ACCOUNT179,Account_179,9/9/2025,Open,Low,,0
C-001306,ACCOUNT179,Account_179,8/30/2025,Open,Low,,0
C-001307,ACCOUNT179,Account_179,8/11/2025,Open,Low,,0
C-001308,ACCOUNT179,Account_179,9/3/2025,Open,Medium,,0
C-001309,ACCOUNT179,Account_179,8/29/2025,Open,Medium,,0
C-001310,ACCOUNT179,Account_179,8/5/2025,Open,Medium,,0
C-001311,ACCOUNT179,Account_179,7/27/2025,Closed,High,22,0
C-001312,ACCOUNT179,Account_179,8/17/2025,Closed,Medium,7,0
C-001313,ACCOUNT179,Account_179,7/20/2025,Closed,Medium,3,0
C-001314,ACCOUNT179,Account_179,7/18/2025,Closed,Low,45,0
C-001315,ACCOUNT180,Account_180,8/29/2025,Closed,Low,10,0
C-001316,ACCOUNT180,Account_180,8/21/2025,Closed,High,80,1
C-001317,ACCOUNT181,Account_181,8/6/2025,In Progress,High,,1
C-001318,ACCOUNT181,Account_181,8/7/2025,Open,High,,0
C-001319,ACCOUNT181,Account_181,8/13/2025,Open,Medium,,0
C-001320,ACCOUNT181,Account_181,8/31/2025,Open,High,,0
C-001321,ACCOUNT181,Account_181,8/9/2025,Open,High,,0
C-001322,ACCOUNT181,Account_181,8/14/2025,In Progress,High,,0
C-001323,ACCOUNT181,Account_181,8/24/2025,In Progress,Medium,,0
C-001324,ACCOUNT181,Account_181,8/28/2025,In Progress,High,,1
C-001325,ACCOUNT181,Account_181,7/4/2025,Closed,Critical,8,0
C-001326,ACCOUNT181,Account_181,6/23/2025,Closed,High,12,1
C-001327,ACCOUNT182,Account_182,8/10/2025,Open,Medium,,0
C-001328,ACCOUNT182,Account_182,8/25/2025,In Progress,Low,,0
C-001329,ACCOUNT182,Account_182,8/8/2025,In Progress,Critical,,0
C-001330,ACCOUNT182,Account_182,8/11/2025,Closed,Medium,47,0
C-001331,ACCOUNT182,Account_182,8/16/2025,Closed,Medium,2,0
C-001332,ACCOUNT182,Account_182,6/26/2025,Closed,Medium,34,0
C-001333,ACCOUNT183,Account_183,8/7/2025,Open,Medium,,0
C-001334,ACCOUNT183,Account_183,8/25/2025,Closed,Medium,7,0
C-001335,ACCOUNT184,Account_184,8/9/2025,Open,Medium,,0
C-001336,ACCOUNT184,Account_184,9/15/2025,In Progress,Medium,,0
C-001337,ACCOUNT184,Account_184,8/24/2025,In Progress,Low,,0
C-001338,ACCOUNT184,Account_184,9/10/2025,Open,Medium,,0
C-001339,ACCOUNT184,Account_184,8/10/2025,In Progress,High,,0
C-001340,ACCOUNT184,Account_184,9/18/2025,Open,Medium,,0
C-001341,ACCOUNT184,Account_184,8/9/2025,Open,Medium,,0
C-001342,ACCOUNT185,Account_185,8/31/2025,In Progress,High,,1
C-001343,ACCOUNT185,Account_185,8/22/2025,Open,Medium,,0
C-001344,ACCOUNT185,Account_185,8/31/2025,Closed,High,13,0
C-001345,ACCOUNT185,Account_185,7/26/2025,Closed,High,4,0
C-001346,ACCOUNT185,Account_185,7/10/2025,Closed,Low,65,0
C-001347,ACCOUNT185,Account_185,7/24/2025,Closed,Critical,34,0
C-001348,ACCOUNT186,Account_186,8/10/2025,In Progress,Low,,0
C-001349,ACCOUNT186,Account_186,9/6/2025,Open,Medium,,0
C-001350,ACCOUNT186,Account_186,9/1/2025,Open,High,,0
C-001351,ACCOUNT186,Account_186,8/19/2025,Open,Medium,,0
C-001352,ACCOUNT186,Account_186,8/16/2025,In Progress,Low,,0
C-001353,ACCOUNT186,Account_186,9/17/2025,In Progress,Low,,0
C-001354,ACCOUNT186,Account_186,9/5/2025,Open,Critical,,0
C-001355,ACCOUNT186,Account_186,7/8/2025,Closed,Low,5,0
C-001356,ACCOUNT186,Account_186,8/27/2025,Closed,Medium,7,0
C-001357,ACCOUNT186,Account_186,7/29/2025,Closed,Medium,6,0
C-001358,ACCOUNT186,Account_186,9/9/2025,Closed,Medium,14,0
C-001359,ACCOUNT187,Account_187,9/4/2025,In Progress,Low,,0
C-001360,ACCOUNT187,Account_187,9/3/2025,Open,Medium,,0
C-001361,ACCOUNT187,Account_187,8/25/2025,Open,Medium,,0
C-001362,ACCOUNT187,Account_187,9/14/2025,In Progress,High,,0
C-001363,ACCOUNT187,Account_187,9/4/2025,Open,High,,0
C-001364,ACCOUNT187,Account_187,8/5/2025,In Progress,Medium,,0
C-001365,ACCOUNT187,Account_187,8/22/2025,Open,Medium,,0
C-001366,ACCOUNT187,Account_187,8/25/2025,Open,High,,1
C-001367,ACCOUNT187,Account_187,8/23/2025,Open,High,,0
C-001368,ACCOUNT187,Account_187,8/19/2025,Open,Medium,,0
C-001369,ACCOUNT188,Account_188,8/25/2025,In Progress,Medium,,0
C-001370,ACCOUNT188,Account_188,8/6/2025,Open,Medium,,0
C-001371,ACCOUNT188,Account_188,9/1/2025,In Progress,Medium,,0
C-001372,ACCOUNT188,Account_188,9/4/2025,Open,Medium,,0
C-001373,ACCOUNT188,Account_188,9/12/2025,In Progress,High,,0
C-001374,ACCOUNT188,Account_188,9/9/2025,In Progress,Medium,,0
C-001375,ACCOUNT188,Account_188,8/29/2025,Open,Low,,0
C-001376,ACCOUNT188,Account_188,8/26/2025,In Progress,Medium,,0
C-001377,ACCOUNT188,Account_188,8/21/2025,Closed,Low,10,0
C-001378,ACCOUNT188,Account_188,8/21/2025,Closed,Low,5,0
C-001379,ACCOUNT189,Account_189,9/1/2025,Open,Medium,,0
C-001380,ACCOUNT189,Account_189,9/15/2025,In Progress,Low,,0
C-001381,ACCOUNT189,Account_189,9/7/2025,In Progress,High,,0
C-001382,ACCOUNT189,Account_189,8/26/2025,Open,High,,1
C-001383,ACCOUNT189,Account_189,8/6/2025,Open,Medium,,0
C-001384,ACCOUNT189,Account_189,8/14/2025,Open,Low,,0
C-001385,ACCOUNT189,Account_189,9/14/2025,In Progress,Low,,0
C-001386,ACCOUNT189,Account_189,9/10/2025,Open,Low,,0
C-001387,ACCOUNT189,Account_189,9/10/2025,Closed,Medium,2,0
C-001388,ACCOUNT189,Account_189,8/3/2025,Closed,High,32,0
C-001389,ACCOUNT189,Account_189,8/11/2025,Closed,Low,37,0
C-001390,ACCOUNT189,Account_189,7/13/2025,Closed,Low,118,0
C-001391,ACCOUNT190,Account_190,8/14/2025,Open,High,,0
C-001392,ACCOUNT190,Account_190,9/1/2025,Open,Low,,0
C-001393,ACCOUNT190,Account_190,8/10/2025,In Progress,Medium,,0
C-001394,ACCOUNT190,Account_190,8/31/2025,Open,Medium,,0
C-001395,ACCOUNT190,Account_190,8/16/2025,Open,Medium,,0
C-001396,ACCOUNT190,Account_190,9/17/2025,Open,Low,,0
C-001397,ACCOUNT190,Account_190,9/5/2025,In Progress,Low,,0
C-001398,ACCOUNT190,Account_190,8/19/2025,Open,High,,1
C-001399,ACCOUNT190,Account_190,9/6/2025,Open,Low,,0
C-001400,ACCOUNT190,Account_190,7/26/2025,Closed,Low,42,0
C-001401,ACCOUNT191,Account_191,8/27/2025,In Progress,High,,1
C-001402,ACCOUNT191,Account_191,8/27/2025,Open,Medium,,0
C-001403,ACCOUNT191,Account_191,9/10/2025,In Progress,Low,,0
C-001404,ACCOUNT191,Account_191,8/8/2025,Open,High,,1
C-001405,ACCOUNT191,Account_191,9/13/2025,In Progress,Medium,,0
C-001406,ACCOUNT191,Account_191,7/20/2025,Closed,High,8,1
C-001407,ACCOUNT191,Account_191,8/10/2025,Closed,Medium,23,0
C-001408,ACCOUNT191,Account_191,7/10/2025,Closed,Medium,2,0
C-001409,ACCOUNT192,Account_192,9/16/2025,Open,Low,,0
C-001410,ACCOUNT192,Account_192,9/12/2025,In Progress,Medium,,0
C-001411,ACCOUNT192,Account_192,8/13/2025,Open,Low,,0
C-001412,ACCOUNT192,Account_192,8/7/2025,Open,Low,,0
C-001413,ACCOUNT192,Account_192,8/6/2025,Open,Low,,0
C-001414,ACCOUNT192,Account_192,8/10/2025,In Progress,Medium,,0
C-001415,ACCOUNT192,Account_192,9/14/2025,Open,Medium,,0
C-001416,ACCOUNT193,Account_193,9/7/2025,In Progress,Medium,,0
C-001417,ACCOUNT193,Account_193,9/10/2025,In Progress,Critical,,1
C-001418,ACCOUNT193,Account_193,9/18/2025,Open,Medium,,0
C-001419,ACCOUNT193,Account_193,8/9/2025,In Progress,High,,1
C-001420,ACCOUNT193,Account_193,9/2/2025,Open,Low,,0
C-001421,ACCOUNT193,Account_193,8/22/2025,Open,High,,0
C-001422,ACCOUNT193,Account_193,8/11/2025,In Progress,Low,,0
C-001423,ACCOUNT193,Account_193,8/6/2025,In Progress,Low,,0
C-001424,ACCOUNT193,Account_193,8/20/2025,Open,Medium,,0
C-001425,ACCOUNT194,Account_194,9/11/2025,Open,Medium,,0
C-001426,ACCOUNT194,Account_194,8/29/2025,Open,Low,,0
C-001427,ACCOUNT194,Account_194,8/19/2025,Open,Medium,,0
C-001428,ACCOUNT194,Account_194,8/21/2025,Open,Critical,,1
C-001429,ACCOUNT194,Account_194,8/25/2025,In Progress,Medium,,0
C-001430,ACCOUNT194,Account_194,9/12/2025,In Progress,Low,,0
C-001431,ACCOUNT194,Account_194,8/18/2025,Open,High,,1
C-001432,ACCOUNT194,Account_194,9/2/2025,Open,High,,1
C-001433,ACCOUNT194,Account_194,9/1/2025,Closed,High,3,1
C-001434,ACCOUNT194,Account_194,8/30/2025,Closed,Low,53,0
C-001435,ACCOUNT195,Account_195,8/28/2025,In Progress,Low,,0
C-001436,ACCOUNT195,Account_195,9/10/2025,Open,Medium,,0
C-001437,ACCOUNT195,Account_195,8/16/2025,Open,High,,1
C-001438,ACCOUNT195,Account_195,9/7/2025,Open,Medium,,0
C-001439,ACCOUNT195,Account_195,9/15/2025,Open,Medium,,0
C-001440,ACCOUNT195,Account_195,9/7/2025,Open,Medium,,0
C-001441,ACCOUNT195,Account_195,7/10/2025,Closed,Medium,7,0
C-001442,ACCOUNT196,Account_196,8/31/2025,Open,Low,,0
C-001443,ACCOUNT196,Account_196,8/9/2025,Open,High,,0
C-001444,ACCOUNT196,Account_196,8/18/2025,Open,High,,1
C-001445,ACCOUNT196,Account_196,9/9/2025,Open,High,,0
C-001446,ACCOUNT196,Account_196,9/6/2025,Open,Low,,0
C-001447,ACCOUNT196,Account_196,8/5/2025,In Progress,Medium,,0
C-001448,ACCOUNT196,Account_196,8/19/2025,In Progress,High,,0
C-001449,ACCOUNT196,Account_196,8/27/2025,Open,High,,0
C-001450,ACCOUNT196,Account_196,8/9/2025,Closed,Low,22,0
C-001451,ACCOUNT196,Account_196,8/23/2025,Closed,High,17,1
C-001452,ACCOUNT196,Account_196,7/3/2025,Closed,High,3,0
C-001453,ACCOUNT197,Account_197,8/18/2025,Open,Low,,0
C-001454,ACCOUNT197,Account_197,8/28/2025,Open,Medium,,0
C-001455,ACCOUNT197,Account_197,9/1/2025,In Progress,High,,1
C-001456,ACCOUNT197,Account_197,9/12/2025,Open,Medium,,0
C-001457,ACCOUNT197,Account_197,8/12/2025,In Progress,Medium,,0
C-001458,ACCOUNT197,Account_197,8/30/2025,Open,High,,0
C-001459,ACCOUNT197,Account_197,9/8/2025,Open,Low,,0
C-001460,ACCOUNT197,Account_197,7/5/2025,Closed,Medium,45,0
C-001461,ACCOUNT197,Account_197,6/28/2025,Closed,Medium,27,0
C-001462,ACCOUNT197,Account_197,7/15/2025,Closed,Medium,19,0
C-001463,ACCOUNT198,Account_198,9/8/2025,Open,Medium,,0
C-001464,ACCOUNT198,Account_198,8/7/2025,Open,High,,0
C-001465,ACCOUNT198,Account_198,9/10/2025,Closed,Critical,14,1
C-001466,ACCOUNT199,Account_199,8/29/2025,In Progress,Medium,,0
C-001467,ACCOUNT199,Account_199,8/5/2025,Open,Medium,,0
C-001468,ACCOUNT199,Account_199,9/1/2025,Open,Medium,,0
C-001469,ACCOUNT199,Account_199,8/9/2025,In Progress,Medium,,0
C-001470,ACCOUNT199,Account_199,9/14/2025,Open,Low,,0
C-001471,ACCOUNT199,Account_199,9/15/2025,Open,Low,,0
C-001472,ACCOUNT199,Account_199,8/28/2025,Open,Medium,,0
C-001473,ACCOUNT199,Account_199,9/12/2025,Closed,Medium,43,0
C-001474,ACCOUNT199,Account_199,7/9/2025,Closed,Low,47,0
C-001475,ACCOUNT200,Account_200,9/7/2025,In Progress,High,,0
C-001476,ACCOUNT200,Account_200,8/21/2025,In Progress,Low,,0
C-001477,ACCOUNT200,Account_200,9/2/2025,Open,Medium,,0
C-001478,ACCOUNT200,Account_200,9/13/2025,Open,High,,1
C-001479,ACCOUNT200,Account_200,8/30/2025,Open,High,,0
C-001480,ACCOUNT200,Account_200,9/12/2025,Open,High,,0
C-001481,ACCOUNT200,Account_200,8/8/2025,Open,Medium,,0
C-001482,ACCOUNT200,Account_200,7/15/2025,Closed,Low,94,0
C-001483,ACCOUNT200,Account_200,7/28/2025,Closed,Low,3,0
C-001484,ACCOUNT200,Account_200,9/2/2025,Closed,Medium,46,0
